id,is_hotel,country,currency,city,good_for_family,accept_credit_card,parking,outdoor_seating,wifi,wheelchair_accessible,price1,price2,lat,lng,cdateYear,cdateMonth
fb1171550a7ad65f5533d24345e7677c5353168d,T,tw,TWD,A,T,T,T,F,T,T,1100,2200,25.2,121.6,2013,2
8239c2381e09ba5a298eb9ebefa88de9976105a5,F,tw,TWD,A,T,T,T,F,T,F,300,400,25,121.52,2014,8
85709eabedeb5c761b424baa16db3bccd6144fd4,T,tw,TWD,B,T,T,T,F,T,T,563,736,24.23,120.94,2012,2
8a035d8ccfaae36efff1cdcc6f02f318f35abd64,T,tw,TWD,B,T,T,T,F,T,T,379,564,24.14,120.59,2012,6
56a3a7c9675c5aca5e98ea3d9aa77610ec04183a,F,tw,TWD,B,T,T,T,F,T,F,499,1000,24.23,120.94,2013,8
4f9809dc8d71d5554ee3f7d1dfc103430d61b4e0,T,tw,TWD,B,T,T,T,F,T,F,380,900,24.23,120.94,2013,11
7914c82d735fa1e956fc707aab3bf9f0d59875d1,T,tw,TWD,B,T,T,T,F,T,F,658,856,24.21,120.65,2014,7
d90b1c08c2b92d5aefa740d07ca61ef2eaa220d1,T,tw,TWD,C,T,T,T,F,F,F,377,543,25.05,121.53,2014,3
f03cce918e3b5e7f9c4c2eef892aa732b0c19ddb,T,tw,TWD,D,T,T,T,F,F,T,506,869,23.04,120.24,2012,11
ce931af6fd49ce6b1292ccbce4f12f04eac1dfbe,T,tw,TWD,E,T,T,T,F,T,T,496,703,24.78,121.02,2012,2
8f66716b1e27403a7274cbf98cf5782083c9ce9a,T,tw,TWD,E,T,T,T,F,T,T,641,864,24.81,120.98,2012,6
4cb5a42d24713b9dea707e2c07a1e849272c20f5,T,tw,TWD,E,T,T,T,F,T,T,500,2000,24.81,120.97,2013,8
bb974967d1f63edbd841a954413027e9d9bf4903,T,tw,TWD,F,T,T,T,F,T,T,880,1100,24.82,121.03,2013,4
204269fabcb7d62c7cee6fd1a1663ce7072a6882,T,tw,TWD,G,T,T,T,F,T,T,500,1000,25.02,121.31,2013,11
2fb57cfa4c443f43056edb7c62af18591818fc25,T,tw,TWD,H,T,T,T,F,T,F,780,950,22.73,120.41,2013,10
e2439d1c446b3fd8ab10db5d595e56c0f6330933,T,hk,HKD,I,T,T,F,F,T,F,300,500,22.31,114.17,2014,3
83e9e5741e3617547fc0a76520eec07ed53511ad,T,hk,HKD,I,T,T,T,F,T,F,150,450,22.28,114.17,2014,4
29ea25c786254d91ab28db9505d855795535e3e0,T,hk,HKD,I,F,F,F,F,F,F,300,500,22.25,114.17,2014,4
e8889a6a7d9197e66d0dd7889a27c742987b2bc8,T,tw,TWD,H,T,T,T,F,T,T,298,400,22.67,120.31,2013,1
67036ee1eddcc31cd30ce47c8b68735ec2d2a47f,T,tw,TWD,B,T,T,T,F,T,F,500,800,24.23,120.94,2013,11
b8c7583ca49450245366aa45c8f0bd05bf7bdcbb,T,tw,TWD,C,T,T,F,T,T,F,277,533,25.04,121.62,2012,9
14087eb2baf89b7671c3bbd14feda0a9a9276b11,F,tw,TWD,B,T,T,T,F,F,F,448,565,24.18,120.65,2012,7
417b5dbd79cb7eaabf930e3d098ccc554f451d26,F,tw,TWD,B,T,T,F,F,F,F,379,533,24.14,120.66,2012,7
8d6e0bcd450f5766b932bf7222f3427a293068e5,F,tw,TWD,C,T,T,F,F,F,F,422,555,25.06,121.54,2012,7
6164af551911dab2dec39cb305cadc70983c8aad,F,tw,TWD,C,T,T,F,F,T,F,419,574,25.09,121.56,2012,7
d3f7e83a9ca00f7de4e5e6222e932acd58b2d902,F,tw,TWD,C,T,T,F,F,T,F,395,539,25.02,121.53,2012,7
54debb1125015359df574c457ed382da0ce2d5b4,F,tw,TWD,C,T,T,F,F,F,F,374,532,25.03,121.55,2012,7
d3292c6f9aef26eff3ae8d4d36bc30757a061316,F,tw,TWD,C,T,T,F,F,F,F,397,540,25.1,121.52,2012,7
b206828dca3c2dd219f882d1067d223a7d2f2fed,F,tw,TWD,C,T,T,F,F,T,F,415,531,25.05,121.56,2012,7
18b49c02ddbc323a0d6f3dab27781e0681a1be2d,F,tw,TWD,C,T,T,T,F,F,T,413,520,25.06,121.53,2012,7
6c0f6a69800f8ec1534692f9506e687d6ac60e3e,F,tw,TWD,C,T,T,F,F,T,F,416,562,25.04,121.55,2012,7
0a0275c0439bcad6baf71fcdb6374db1b98f1936,F,tw,TWD,C,T,T,T,F,F,F,389,543,25.07,121.53,2012,7
c58cd36ff657cec43e10c3a10b2ac346ce5badac,F,tw,TWD,D,T,F,T,F,T,T,450,550,22.99,120.18,2012,12
31c3c6d399a59d550b43ba00f746e4784d22c8d0,F,tw,TWD,J,T,T,F,F,F,T,374,504,24.75,121.76,2012,7
fade154167130137419610cbfd084939811e708b,F,tw,TWD,A,T,F,T,F,T,F,382,528,25,121.42,2012,1
83826b66d6120d049b21cdf1d7560ff025f9b1b4,F,tw,TWD,A,T,F,T,F,F,F,395,524,24.97,121.54,2012,2
03d09c8043879c226ca932ccd9d212a279ec5c81,F,tw,TWD,A,T,T,F,F,T,F,394,527,25.09,121.46,2012,7
96d0422ab2f4103e82aedba022a76eea56fc9501,F,tw,TWD,A,T,T,F,F,F,F,388,524,25.17,121.44,2012,7
15117cc7bb3ddc223f80616d7e07ee2014f82080,F,tw,TWD,A,T,F,F,F,T,F,400,547,25.07,121.5,2012,8
f05fab9721afa14181151770b83eae4be7b7465a,F,tw,TWD,G,T,T,F,F,T,F,381,522,24.96,121.22,2012,7
369a0d4db62705d4989f6bef3ee291f7cc45f512,F,tw,TWD,G,T,T,F,F,F,T,351,512,24.99,121.31,2012,7
4cee1e0b44ba326541cd73b4454e0c92817929b7,F,tw,TWD,G,T,F,F,F,F,F,412,610,25.06,121.37,2012,7
6ad3d5cf309776993ba167e6e53e278468975589,T,tw,TWD,H,F,F,F,F,F,F,381,509,22.62,120.3,2012,7
e0f762a3757c939ebf70b08351d531af8549385b,T,tw,TWD,A,T,T,F,F,T,T,688,1688,25.2,121.69,2014,8
7a4bdd6f9d392334fcec46291d78bd6bc2b8a452,T,tw,TWD,G,T,T,T,F,T,T,462,625,24.96,121.22,2009,10
c485643401435b411a3a3a09d5d3d1213a8fd88c,F,tw,TWD,C,T,T,T,F,T,T,405,521,25.09,121.56,2011,7
fe230aa38ebf31c978d0f58bd6fd5ab9e7ec1e66,T,tw,TWD,B,T,T,T,F,T,T,1280,1880,24.16,120.64,2013,7
64e91e058685e8391ed1248403b1863e82762588,T,tw,TWD,H,T,T,T,F,T,F,528,715,22.63,120.3,2014,7
a028259c3b19c6a5ecf20bdd414ff3a2cb9285ea,T,tw,TWD,E,T,T,T,F,T,F,500,800,24.82,120.98,2014,3
10ac4544f68bc70e4f077a4a8ab57a213ff0225e,F,tw,TWD,H,T,T,T,F,T,F,457,593,22.67,120.3,2010,11
6fdcc6c69e800a100235abfd05423adae4b9dbf1,T,tw,TWD,K,T,T,T,T,T,T,787,989,23.87,120.92,2010,12
e572a63d32338506896fc75facf5cab8a5ec6ded,T,tw,TWD,A,T,T,T,F,T,T,672,791,25.19,121.68,2010,1
3f47d2e07cb819918f27eb7237903685d4210374,T,tw,TWD,C,T,T,T,F,T,T,547,758,25.05,121.52,2011,10
dea8ce93bfe3b40da0cca953fd9d30811d680373,T,tw,TWD,C,T,T,T,F,T,T,1100,1500,25.04,121.56,2013,8
f7ad4a8663cc07948e6047d3477b88c5ce4441ed,T,tw,TWD,C,T,T,T,T,T,T,1500,2000,25.04,121.57,2014,3
2a79b499202e8cc38d9d02225cd2951cc949c7b0,T,tw,TWD,D,T,T,T,F,T,T,675,870,23,120.21,2010,12
029957684d4dffb49d126a539d48f93418e5fa2b,T,tw,TWD,G,T,T,T,F,T,T,580,783,25.07,121.22,2012,8
aba7325e68b497b7a60bc8b8261fc01e05c3a247,T,tw,TWD,L,T,T,T,F,T,T,349,557,24.69,120.89,2011,6
7afae6d7a0d8c89a11e34e539249308acafcf2c1,T,hk,HKD,I,F,T,T,F,T,F,250,300,22.32,114.18,2014,4
18d16244d581b3fa3dadb97b1f7f53b5a4c015c8,T,tw,TWD,B,T,T,T,F,T,F,464,669,24.23,120.94,2009,10
b954508c39e35069948b783ccaa376fae48e98f2,T,tw,TWD,B,T,T,T,F,T,T,500,706,24.18,120.62,2010,2
df6ee61242a4c2aa7aaaa88783e8e1eecdf841e9,T,tw,TWD,B,T,T,T,F,T,F,334,472,24.19,120.67,2011,6
10affa82e2ec7e6b7ee1902d2e40097d50637376,T,tw,TWD,C,T,T,T,F,T,F,615,877,25.11,121.53,2009,11
e62ec915c7340821572fa0d23e6f36d81e76af0e,T,tw,TWD,C,T,T,T,F,T,F,900,1200,25.06,121.55,2011,3
7c0079d1f506b211d53c00694577415061d78435,T,tw,TWD,C,T,T,T,F,T,F,541,722,25.04,121.54,2012,6
9a72c43ebb1a031d953e687c46a633688a97205c,T,tw,TWD,C,T,T,T,F,T,T,691,904,25.04,121.54,2012,6
33c10880da7542ea71c7f3682494825c53a9a0e9,T,tw,TWD,C,T,T,T,F,F,T,1091,1347,25.05,121.54,2012,8
a4968b10b53abd061bb07d9a82a6f2d4a3ec8f14,T,tw,TWD,C,T,T,T,T,T,T,580,880,25.08,121.56,2014,3
e3276b5a062be34b4500ec6d65724fd32162ed38,T,tw,TWD,D,T,T,T,F,F,F,603,775,23,120.21,2012,8
6e72e2484465f493da330e3ac6a0e5516b065d5d,T,tw,TWD,G,T,T,T,F,T,T,580,780,24.99,121.31,2010,9
d80ca3da415ebfa56577b52eb982f9d204434618,T,tw,TWD,G,T,T,T,F,T,T,346,521,24.96,121.22,2010,12
1b2bf13a6e89a3d570c68619daa264a65648a385,T,tw,TWD,H,T,T,T,F,T,T,700,960,22.62,120.29,2013,9
87065339cff3a5691fca769a5d60081dfaf46e7b,T,tw,TWD,A,T,T,T,F,T,F,650,750,25.06,121.64,2013,9
c0a3f079df0089ad413eb15cf6f3e95ccf0f982f,F,tw,TWD,H,T,T,T,F,T,F,418,748,22.62,120.28,2014,8
c7c8176a9d8a86e042cc49db8fa2bc2838d0d1b0,T,th,THB,M,T,T,T,F,T,F,780,1750,13.73,100.57,2014,7
3cb1d45b10d7bcfd864112f7e88ad14e4abb96c8,T,tw,TWD,N,F,F,F,F,F,F,1500,2000,31.19,121.39,2012,5
80f34dd68eecf3445050da92c0262d6131b3d051,T,tw,TWD,N,F,F,F,F,F,F,1000,1500,31.22,121.45,2012,5
f3837c4489cc6c4587dfb8a92a060585c182ccc1,T,tw,TWD,C,T,T,T,F,T,T,713,976,25.05,121.52,2009,12
7dc1a4c0508c06e5bdf58ae411da83f57bc9aeda,T,tw,TWD,C,T,T,T,T,T,T,581,812,25.04,121.51,2011,4
b7f94cbb8d0ed6ebb0420391e08bdcf27557beda,T,tw,TWD,C,T,T,T,F,T,T,300,700,25.04,121.56,2013,8
c1978bdbe451101a8da71c96eff738fca68a0ae6,T,tw,TWD,O,T,T,T,F,T,T,475,640,25.13,121.75,2012,9
7d818d2829ca905756e1d6b92efc07f904ef58a7,T,tw,TWD,P,T,T,T,F,T,T,748,858,23.99,121.62,2010,12
d584ebfc3e12c2f28bccc14b98a881432b7ce7dd,T,tw,TWD,H,T,T,T,F,T,T,550,800,22.66,120.3,2011,8
800cbaa68fe445ec62e2b687fa174f993fbc8441,T,tw,TWD,N,F,F,F,F,F,F,1500,2000,0,0,2012,5
4a01f31c45bd7037d45f1fb073788d8505f727d8,T,tw,TWD,B,T,T,T,F,T,T,494,656,24.14,120.59,2012,6
35a824d536cf8c92d336bc21846422addb947296,T,tw,TWD,C,T,T,F,F,F,F,440,550,25.05,121.53,2014,3
49f9d4376e89961cc3d2f14b7a35b209fc54997d,T,tw,TWD,A,T,T,T,F,T,T,405,550,25,121.49,2011,6
f19cdc02d65ce75baf5b3de3140c66cc44f6e20a,T,tw,TWD,B,T,T,T,F,T,T,300,700,24.18,120.64,2014,3
6226c66ab55933ea09433a05f01dc2d601b60b4a,T,tw,TWD,H,T,T,T,F,T,T,517,702,22.63,120.32,2011,11
3e83615d94100597091159732a74fb0ff20358c8,F,tw,TWD,C,T,T,F,F,F,F,355,468,25.04,121.54,2009,12
414b236ecfce478705a258c181e78bd27ae7e790,F,tw,TWD,C,T,T,F,F,F,F,342,478,25.02,121.53,2009,12
affe79ba6ec65803a50bcaf6372a7504601dfa78,F,tw,TWD,C,T,T,F,T,F,F,396,525,25.09,121.53,2009,12
9d205a940791543568c1410911e98a48112c2e97,F,tw,TWD,C,T,T,F,F,F,F,374,520,25.06,121.53,2009,9
e79e3299e09c0516d272263ef848165853ed76da,F,tw,TWD,C,T,T,T,F,F,F,462,528,25.01,121.54,2013,10
3536847261e7951fcfdd5cd5e8f96c80417f080b,F,tw,TWD,B,T,T,T,F,T,T,362,566,24.13,120.65,2012,12
e08338ba1d699350daa85de3b846c1e3471f28a8,F,tw,TWD,B,T,T,T,F,F,T,500,1000,24.04,120.72,2013,1
b4c2780797423d8fca36379865acede445224d63,T,tw,TWD,C,T,T,T,F,F,F,517,740,25.04,121.54,2012,9
5ca9ac6b7e0c3400f8e8fc0f53906394fd3243fa,F,tw,TWD,C,T,T,T,F,F,T,500,1000,25.05,121.54,2013,1
babb6bd2f3a5a9309f0df9e4a393a358414dc3da,T,tw,TWD,C,T,T,T,F,T,T,600,3000,25.05,121.52,2013,3
e1f9571e47b0fb00ae12d868d8e6d9dd1c8e7342,F,tw,TWD,C,T,T,F,F,F,F,100,1000,25.05,121.51,2013,4
1d6055d379b36cc6bdd1d393a7a3e19d21c526ec,F,tw,TWD,D,T,T,T,F,F,T,500,1000,22.97,120.22,2013,1
bc538d532a93599c1d0bf5b822c11ad57e290805,F,tw,TWD,A,T,T,T,F,F,T,500,1000,25.01,121.52,2013,1
1e56daf32e88b88b945139f0df40096de24eb579,T,tw,TWD,G,T,T,T,F,T,T,250,700,25.02,121.31,2013,8
9cbc11d2c07147727b98770a5e92fdb76f7c7516,F,tw,TWD,H,T,T,T,F,T,T,500,1000,22.63,120.32,2013,1
a7684b2f40208dc21e30052ef80e83cee031da93,T,tw,TWD,H,T,T,T,F,T,T,500,2000,22.73,120.41,2014,6
f066338b692b0134f7162e65f6e53461b41817d7,F,tw,TWD,H,T,T,F,F,T,T,150,380,22.65,120.35,2014,8
5fb405851c446ef7983ad20c6b92065aa82b2d05,T,tw,TWD,C,T,T,T,F,F,T,760,1349,25.05,121.52,2010,12
358c285b748297f1727a786d6c56166d8f6b331f,T,tw,TWD,B,T,T,T,F,T,T,473,836,24.18,120.62,2010,2
4ed3edfb8482155fa1bb6879b0e2119af912dff2,T,tw,TWD,D,T,F,F,F,F,F,325,425,22.99,120.2,2009,12
c16962b01ed3e700cd54bc650814a3d1b26261dd,T,tw,TWD,C,T,T,T,F,T,T,726,1305,25.09,121.56,2009,12
78c2507877a865e14a65527998dec1837a2289c0,T,tw,TWD,K,T,T,T,T,T,T,781,1143,23.87,120.92,2010,12
cb30291939fbcc65c4af34774c539779f7807ab0,T,tw,TWD,B,T,T,T,F,T,T,588,1008,24.18,120.62,2010,2
14338e97c5403ad662fdb9bbf7ee9012154155ba,T,tw,TWD,D,T,T,T,F,T,F,500,1000,23.04,120.24,2009,12
62c4215a3b4b9168c82cac978508235f7784ce97,F,tw,TWD,D,T,T,T,F,T,T,375,500,23.02,120.21,2009,8
ebf3dce38943fc70ff15e8917fe993d3f53c5ce4,F,tw,TWD,D,T,T,T,F,T,T,525,1000,22.96,120.22,2010,3
9a4abfeabf7252071892db363da6ecdc7013fad6,T,tw,TWD,A,T,T,T,F,T,T,480,880,25.2,121.6,2013,2
ff07d6093bc79e3da786a89c97bff131c137c74a,F,tw,TWD,C,T,T,F,F,F,F,411,655,25.04,121.55,2009,12
fb8973ab817e2ce1c1cd0beae90484781b5ebcf5,F,tw,TWD,C,T,T,F,F,F,F,380,626,25.06,121.53,2009,12
77b63b6b71bc10159292683871568371842d6c1d,T,tw,TWD,H,T,T,T,F,T,T,400,610,22.67,120.3,2009,7
bd632e1d69093140434e9e7e4c3fa7e355340c03,T,tw,TWD,C,T,T,T,F,T,T,772,1595,25.06,121.53,2010,3
c0ccf66667e819010a6ae9e98ff12b51b3a0ad66,T,tw,TWD,C,T,T,T,F,F,T,800,1321,25.08,121.56,2011,2
7beebd4b537afebbc0db80a03f083d3758bff02c,F,tw,TWD,C,T,T,T,F,T,T,670,1056,25.05,121.54,2011,8
32feb9ac9dec249f56cf5cdfb957a7d9a4c21f17,F,tw,TWD,C,T,T,T,F,T,T,368,546,25.05,121.54,2011,8
407436737b5b8ef7494471f7c31c0a5b32d06fc7,T,tw,TWD,C,T,T,T,F,F,T,418,627,25.08,121.56,2011,8
8c3fb8f2e9ba569af19aebdd39b5be75d030e103,F,tw,TWD,D,T,T,F,T,T,T,220,360,22.98,120.22,2010,9
8eb2b60d25d45bd3dc43cade91306971b9407358,T,tw,TWD,A,T,T,T,F,T,T,484,810,25.04,121.46,2010,12
60c6b0646a5c0806beca6aa92bf8fe2998603435,T,tw,TWD,A,F,F,F,F,F,F,450,500,25.01,121.48,2014,9
7abe4ae6f4b95d9db23d4f074f1f739dc8d26bc7,T,tw,TWD,E,T,T,T,F,T,T,700,3000,24.81,120.97,2013,11
69567ee53faf467cca1fa525766e4d7c20b39064,T,tw,TWD,G,T,T,T,F,T,T,477,847,24.96,121.22,2010,12
5d1db0c1eab35c7d4f8341acd306a53381be4b7d,T,tw,TWD,H,F,T,T,F,T,T,464,691,22.62,120.3,2009,12
930ebbc06720ba6a92e4c1b6f48a4b75b194ab98,F,tw,TWD,H,T,T,T,F,F,T,398,676,22.62,120.3,2011,8
eddb0b0662ba82c66f52f487dbd4e593c5f34fad,T,tw,TWD,H,T,T,F,F,T,T,457,711,22.63,120.28,2011,9
f96cf850a9a3eff8f20e06bb7021c57583006c0d,F,tw,TWD,H,T,T,T,F,T,T,300,500,22.59,120.31,2013,5
ea5561da545f4dc3552e80f6a1b98fe7bced5a6a,T,tw,TWD,H,T,T,T,F,T,T,400,500,22.63,120.31,2014,4
0e0bbe8e3f8b57a7dfa95fab5f95358bf07b8de6,F,tw,TWD,C,T,T,T,F,T,F,350,700,25.03,121.56,2012,10
f78909357cc1513932a08a62ad36620fb048e5d6,F,tw,TWD,H,T,T,T,F,F,F,680,1500,22.63,120.31,2014,3
40d9ef9e9d8541c726806be0573e73a802fa72d1,F,tw,TWD,M,F,T,T,F,T,F,280,680,25.03,121.56,2013,12
9fc803182965ff9ef871d8ec1fec852151758f57,T,tw,TWD,A,F,T,T,F,T,T,275,524,25,121.49,2011,6
d6c73c409151e066cce10077ca425ca6272f639d,F,tw,TWD,B,T,T,F,T,F,T,330,573,24.23,120.94,2010,12
939c2ebd70b1dece92f5739dfc62d3807a4fdcb0,F,tw,TWD,H,T,T,T,F,T,F,324,570,22.67,120.3,2011,6
9950f631d849da6355c6676505c99e73accb669f,F,tw,TWD,D,T,F,F,F,T,F,120,300,22.98,120.21,2013,1
97e04459ccac35366bec67a69eb607f9282c6919,F,tw,TWD,D,T,F,F,F,T,T,120,400,22.99,120.23,2013,1
ae7aa850cb4226b76f89e9ea7fa3617b01064e7b,F,tw,TWD,H,T,F,F,F,T,F,300,1290,22.65,120.29,2014,6
96312afd6fa3e4a45251d9b3c5fdec546439f073,T,tw,TWD,B,F,T,F,F,F,F,1650,2000,24.23,120.94,2013,5
4b7ce8a96bbd849b3209376fbac122c6c122beb4,F,tw,TWD,C,T,T,F,F,T,F,300,800,25.04,121.57,2014,3
05016e125c93b8fab1aa03b1faacdfe2acd5bca4,F,tw,TWD,C,F,T,T,F,T,F,800,1000,25.04,121.56,2014,3
84b3bfaa971ce685da6301c8652930f824e5c97e,F,tw,TWD,N,F,F,F,F,F,F,1500,2500,31.22,121.44,2012,5
46cfa1df670e7eac0b045f7f0d87ecce2a27a515,F,tw,TWD,B,T,T,T,F,F,F,800,1000,24.15,120.64,2014,5
aa2c7135c925632f5a42066308a6173edb6a91ff,F,tw,TWD,C,T,T,F,F,T,F,432,910,25.04,121.55,2009,12
e83dc2ecf6ca2a7932c03f9b9734b3ae728e019c,F,tw,TWD,C,F,T,F,F,F,F,498,888,25.04,121.57,2013,5
549362d38820e4d37cea422e3e6d36d6379e7ad4,F,tw,TWD,C,F,T,F,F,F,F,498,888,25.04,121.55,2013,5
e208e7610bf0ef9524516c62b226f52de8b68175,F,tw,TWD,C,T,T,F,F,T,F,700,1000,25.06,121.53,2013,8
857fe4b883bee27cb19cfd62b22fc41217b8604e,F,tw,TWD,C,T,F,F,F,T,F,250,300,25.06,121.54,2014,1
f216f45444fa8efefeb641025e63762533a5ccb2,F,tw,TWD,D,T,T,T,F,T,T,680,2000,22.99,120.17,2014,8
f798997fae0b7a8f1cd117c91538055674306560,F,tw,TWD,C,T,T,F,F,T,F,200,1200,25.04,121.55,2014,9
3b785428fad5da3371c2b057e629f4fe0a2b0655,F,tw,TWD,A,T,T,F,F,F,F,250,300,25.09,121.56,2014,4
cf841b0041a3ba0e40d442a2673ea679d1c11e55,F,tw,TWD,C,T,T,F,F,F,F,251,395,25.06,121.52,2012,5
4819e234aba593ba3ee01eecb580de21eb67ed7a,F,tw,TWD,A,T,T,T,F,F,T,228,343,25.01,121.47,2012,5
7decb618f56be10f0adacdcdf308a2f544adc6dd,F,tw,TWD,N,F,F,F,F,F,F,1000,2000,55.99,-3.4,2012,5
bd5971283546d88d38d9783fe238b36c2d84d183,F,tw,TWD,B,T,T,T,F,T,T,500,800,24.16,120.65,2014,6
40f113a04815d8f750010063c6a547a5d5d19cb0,F,tw,TWD,B,T,T,T,T,T,F,300,600,24.17,120.66,2014,7
efc84e045e53151d534048ccb021984a10036fe6,F,tw,TWD,B,T,T,F,F,T,T,300,600,24.1,120.69,2014,7
6adaf932937218c83725b3626f15b720881172b3,F,tw,TWD,C,F,T,T,F,T,F,300,600,25.04,121.56,2014,7
84bd795131f63b33b330e457bb760484abc381d9,F,tw,TWD,C,T,T,F,T,F,F,400,600,25.04,121.55,2014,8
16e020692ccfa4c8ed37afdadfa7a199c86a5e0d,F,tw,TWD,A,T,T,T,T,T,T,300,600,25.01,121.5,2014,7
1d0964fe6394ce1b6da8d106a4fd52f09de843f9,F,tw,TWD,F,T,T,T,F,T,F,300,600,24.83,121.01,2014,7
b7a86972af9c329d20da11e845f2d1f749eaa1e5,F,tw,TWD,G,F,T,T,T,T,T,300,600,25.03,121.29,2014,7
be599577f0cef798375ec4ae4ddeda00aa55ab41,F,tw,TWD,B,F,T,F,T,T,T,419,589,24.13,120.66,2012,1
eefb256fb407df1eea0ef23afb1003fd509fb48b,F,tw,TWD,N,F,F,F,F,F,F,800,1200,31.23,121.46,2012,5
56ffc6038aa4660b2dfb65eaf6914664fb14e3b6,F,tw,TWD,C,F,T,T,F,T,T,1041,2270,25.04,121.54,2009,12
1ad1f78af50c5d692d6fd9171f19c5835bb495ab,F,tw,TWD,C,T,T,T,F,T,F,500,900,25.03,121.52,2009,8
77cb734ef132bb086561c5012f643ed2a00d88bc,F,tw,TWD,C,T,T,T,F,F,T,350,500,25.05,121.53,2009,8
b5d49352f32b2e625df0b241e0999dcc397962ba,F,tw,TWD,C,T,T,T,F,F,F,536,877,25.06,121.53,2009,8
c32fac389a12ac9676d8008fd96506647dc23135,T,tw,TWD,C,T,T,T,F,T,T,1000,2000,25.04,121.56,2013,8
f686e8dc6b8c0fb13da7b9a83bb6c840e0f4b2b3,F,tw,TWD,C,T,T,T,F,T,F,300,500,25.06,121.53,2014,7
404fe79268d3170ec96f4c18eebb92f390a8b651,F,tw,TWD,D,T,T,F,F,T,F,250,429,22.99,120.17,2009,12
a4ab5c34704ea40c3dbaa9292d8529b6d77d9a0f,F,tw,TWD,O,T,T,T,F,T,T,300,517,25.13,121.75,2009,8
de13556a4e86ce80a5d0677087f3fd02d64ce181,F,tw,TWD,J,T,T,T,F,T,T,400,500,24.75,121.76,2009,12
20385a2efaeba9aa2f8461ad94c2fd7b0a6791ca,F,tw,TWD,A,T,T,T,F,F,T,400,700,25.03,121.47,2009,8
d19a53d3206360c2ac2e068c11a64e26aa917c62,F,tw,TWD,A,T,T,T,F,F,F,383,517,25.07,121.49,2009,8
5c35c941f971c641de610488028a821348158678,F,tw,TWD,E,T,T,T,F,T,F,400,750,24.7,120.88,2009,8
b3e4e09d235a312a5aa109ffa3f66586facc6a30,T,tw,TWD,H,T,T,T,F,T,F,465,703,22.62,120.3,2009,12
2d8d03dae05fab6cde9313aaec676ef438b7b162,T,tw,TWD,B,F,T,T,F,T,T,750,2500,24.15,120.67,2014,4
dd4c07f6d9ac0ecef2f026a1dd0e17aa8941ff45,F,tw,TWD,A,F,T,F,F,T,F,480,3990,25,121.51,2014,4
8685eecd442d29e9b08d35afa64ec22aa0d514be,T,tw,TWD,E,T,T,T,F,T,T,1010,1580,24.7,120.88,2012,2
80d25551692d3b4913a155ec3b0a75b19f2d00fa,F,tw,TWD,E,T,T,T,F,T,F,500,1000,24.81,120.97,2013,6
6404fc6bc0fc766a45af507a186ab58a5c17fde7,T,tw,TWD,F,T,T,T,F,T,T,800,1200,24.82,121.03,2013,4
c63a3a7fd4d1fed71361b0f0759d3eab069e033b,T,tw,TWD,B,T,T,T,F,T,T,1283,2709,24.16,120.66,2012,2
26317af6caa339d5baee50839f382a4310b3db39,F,tw,TWD,E,T,T,F,F,T,F,968,1200,24.81,120.97,2012,12
3bd33fa289532bb9d2c849fb9e6bd66735e16f84,T,tw,TWD,H,T,T,T,F,T,T,980,2500,22.73,120.41,2013,10
8e4b06eebd10a9ecf7e477009151100268cfcddc,F,tw,TWD,C,T,T,F,F,T,F,1000,5000,25.03,121.55,2013,12
03c046bf5d65d2defb24a8c66e931202f171500c,T,tw,TWD,K,T,T,T,F,T,F,1290,2689,23.87,120.92,2010,12
22ae5b307b30720b4b1d389c8192160ffaea44d7,F,tw,TWD,N,F,F,F,F,F,F,1500,2000,31.21,121.56,2012,5
d58385d97128ab971eb713ae375f723bc05ead85,F,tw,TWD,C,T,T,T,F,T,T,1500,2500,25.08,121.56,2013,5
48597ebdd7700043d41d41f64a93a3618cf14780,F,tw,TWD,C,T,T,T,F,T,T,1500,3000,25.05,121.52,2013,10
b837e1356916db2dc731e29531449022a3e3f738,F,tw,TWD,C,T,T,T,F,T,T,1000,2500,25.03,121.55,2013,10
f59d03240e817108cfde29a5eee15351801bded9,T,tw,TWD,C,T,T,F,F,T,F,1280,1580,25.03,121.56,2014,9
1fe14265f2834641c46b8b5436e4b3ce6861fc16,F,tw,TWD,D,T,T,T,F,T,T,451,837,22.97,120.22,2012,12
3efef0b8660fd4c0d3f7c18fdf390cf3d4d92b8d,T,tw,TWD,E,T,T,T,F,T,F,1294,3099,24.81,120.98,2012,3
bd66024c47cd3adce99a6d85253e87fd9bbd46cf,F,tw,TWD,N,F,F,F,F,F,F,634,1122,31.23,121.48,2012,5
ab98e7ce9a7fcfc90e28fe46f085a418107ad3d4,T,tw,TWD,C,F,T,T,T,T,T,200,1000,25.04,121.56,2013,8
27421fa46b6f8e51d8817ae3189f3dae79f01fc4,F,tw,TWD,D,T,T,F,F,F,F,300,500,22.99,120.2,2014,9
00b9390dc5e3d51a1722876a56f94b2d10d17268,T,tw,TWD,A,T,T,T,F,T,T,449,815,25.04,121.46,2010,12
89174675c1572e36dfcca68af705a2663c2f4919,F,tw,TWD,B,T,T,T,F,T,F,600,1000,24.15,120.67,2014,8
38d0951ae9813da603452ec6d560cf49c467207a,F,tw,TWD,C,T,T,F,F,T,F,400,1000,25.05,121.54,2013,7
cf9fff26f2c5c5277b3c8790dbc291afe8ec8796,T,tw,TWD,C,F,T,T,F,F,T,1500,2500,25.04,121.56,2013,8
d32fc6a0054f66f5c7423c68f8f8e3e6a5180bfc,F,tw,TWD,C,T,T,T,F,T,F,580,1880,25.03,121.53,2013,8
b1da8e6e589a35663aef9fc9e6cf12064a9d3180,F,tw,TWD,C,T,T,T,F,T,T,500,1000,25.02,121.55,2014,5
46574e12d2d8542fd03e58593e8575efc2b72a08,F,tw,TWD,C,T,T,F,F,T,T,490,890,25.04,121.56,2014,9
d1df693cbb85749e1a5ed6b44d5ae2151b56088f,T,tw,TWD,B,T,T,T,F,T,T,1880,2880,24.16,120.64,2013,7
8958ddc0c7fed4c00a4e84bb68e15333f6fbb13d,T,tw,TWD,C,F,T,T,T,F,T,937,1614,25.05,121.52,2010,12
6c185095282c1af126fd387b0fbcc4468261c042,F,tw,TWD,C,T,T,F,F,T,F,780,3000,25.03,121.55,2014,3
a7bb2a06d6112d75d8bfba2950bf281e14db7b24,T,tw,TWD,J,T,T,T,F,T,F,300,760,24.76,121.76,2012,12
31a1e4d630eb778102cf9ab4e20877f815312dd1,T,tw,TWD,G,T,T,T,F,T,T,354,518,24.96,121.22,2009,12
ca050097d5f80364f329d074344f53c3e1dbc842,T,tw,TWD,H,T,T,T,F,T,T,680,1200,22.87,120.36,2012,12
c06ecad6401bb0ec1dbabfb7cea0ffeb51405954,T,tw,TWD,C,F,T,T,T,T,T,575,878,25.05,121.52,2011,6
d6a49976b64d2017995fde9ccc4c351d009d9772,F,tw,TWD,C,F,T,T,T,T,T,398,576,25.1,121.53,2012,12
1ec70644098ec10730a07b61b0652bf91c2e354f,F,tw,TWD,C,T,T,F,F,F,F,350,800,25.04,121.54,2014,4
97f3015becf5c9f173779b0dac6775df289d7ca3,F,tw,TWD,C,T,T,T,F,T,T,300,650,25.04,121.57,2014,8
82d5527562e0ef296f49e8df6d6d93dbfde93c0a,F,tw,TWD,E,T,F,F,F,T,F,250,360,24.8,120.97,2013,9
34000a7dcd68553737d4cf96f1475a088e44adba,F,tw,TWD,E,T,T,T,F,T,F,300,650,24.81,120.98,2014,8
39d84472fae1457b01620e1d7f98267286e68773,F,tw,TWD,A,F,T,T,F,T,F,500,600,25.01,121.47,2012,11
cbfa20d2bbf2e972c1d95a2a7055b764c5571403,F,tw,TWD,C,T,T,F,F,T,T,700,2980,25.08,121.57,2014,7
419afdf528795cad3937d72ac8fe248a5d54f23d,F,tw,TWD,B,T,T,T,F,T,T,535,898,24.16,120.65,2013,3
176744cf04c3b6d9390885334f5a30d14d4a9f0e,T,tw,TWD,C,T,T,T,F,T,F,1337,3102,25.08,121.56,2012,1
71f180856c1f9f17cf3de7ce2d30a2ee128ddabf,F,tw,TWD,C,T,T,T,T,T,F,595,893,25.05,121.55,2013,3
d2fdb4ab9968e6a6fea70767ef3987028641fb11,F,tw,TWD,C,T,T,T,T,T,T,568,856,25.04,121.57,2013,3
abb808562b5309e88b808164f04a82f7da57551b,F,tw,TWD,F,T,T,F,F,T,F,526,830,24.82,121.02,2013,3
bb836a42038f5d7c5bc3c293ff82e42ac1cccc30,F,tw,TWD,H,T,T,T,T,T,T,489,812,23.01,120.67,2013,3
c542ad40097c6f1fe938e6dff49a68005a05f2a7,F,tw,TWD,C,T,T,T,T,T,F,100,350,25.03,121.55,2013,11
c87ce07c5d8ee5d8f7d4bbd8102a106232653a70,F,tw,TWD,A,T,F,T,T,T,T,320,980,25.16,121.43,2013,10
1a16a81c97696a17784b3cce92ba02dfc39d65e7,F,tw,TWD,C,T,T,T,F,T,T,1355,2716,25.04,121.57,2011,3
a6ef5b6c698f3fd5d0651dedc949a06bf40b2aae,F,tw,TWD,C,T,T,F,F,T,T,300,900,25.05,121.54,2013,10
81186b188de9ec9d1869bf4f818e02fa690f719f,T,tw,TWD,H,T,T,T,F,T,F,948,1852,22.62,120.3,2009,12
5350861ad66a0d72c7353bc64c666b255e5a28f0,F,tw,TWD,H,T,T,T,F,F,T,373,695,22.68,120.32,2009,12
1c06f499baf1de2e39feabc7beaf473f8c3b74fa,F,tw,TWD,C,T,T,F,T,T,F,400,600,25.04,121.55,2014,3
3bdef4b7438bf32e8d1be55b0d94f156994921fd,F,tw,TWD,C,F,T,F,T,F,T,453,865,25.03,121.57,2012,1
c3c5e61100dbcb39a2a346e608c9a1d4c44f461c,F,tw,TWD,C,F,F,T,F,F,F,433,733,25.05,121.54,2013,6
e19b7a494d18533813a773f7f7b2e5f723210651,F,tw,TWD,N,F,F,F,F,F,F,212,334,31.21,121.45,2012,5
dee7845a1b9019aec7d73b007f080b1083f53d76,F,tw,TWD,B,T,T,F,T,F,T,260,380,24.15,120.64,2013,3
7c018390b99a0a769ae38659a45f8ec6e9825bfe,F,tw,TWD,D,T,T,T,T,T,T,403,613,22.99,120.2,2009,9
28f41c84a372ec0dd54b9989006e9e7b28efc72a,F,tw,TWD,G,T,T,T,T,F,T,500,1000,24.98,121.33,2014,5
421d6ea245197c4e6135b01f3c67fd850932c498,F,tw,TWD,C,T,T,T,T,T,T,500,1000,25.13,121.47,2014,5
944caf12c32c90f73008856e0bbb1015249dc9f1,F,tw,TWD,C,T,F,F,T,T,F,450,530,25.12,121.54,2014,8
367626a294cfb1946631c386364145e119ffd0be,F,tw,TWD,C,F,T,F,F,T,T,331,500,25.05,121.51,2013,4
381a3e06cb8c409c6051a683c9fcb65e120074ea,F,tw,TWD,C,T,T,F,F,T,T,500,1000,25.05,121.54,2014,5
90a4ca9c640cde70f3fff47431c43522eb20c941,F,tw,TWD,H,T,T,F,F,F,T,366,580,22.62,120.28,2012,6
8d448aaa6b7f108f437fa0108454027272da4368,T,tw,TWD,H,T,T,T,F,T,T,589,778,22.67,120.31,2013,1
9706202a01098243f4f6108514c01f0ba79f55eb,F,tw,TWD,D,T,T,F,F,T,F,302,527,22.98,120.23,2012,1
81f871b1ecf9b2f254d7f892d444610d34beab68,T,tw,TWD,B,T,T,T,F,T,F,1177,2444,24.15,120.67,2009,12
855f86175ac3b7360c6dc85e1bd05b2c2f20446d,F,tw,TWD,N,F,F,F,F,F,F,2000,2500,31.23,121.5,2012,5
988f1c68ee197c4d114b33ef95c565340644e694,T,tw,TWD,N,F,F,F,F,F,F,500,1000,31.22,121.45,2012,5
ab65ca8aec1b5234482d9dd8fd7cb84c0d28b2a7,T,tw,TWD,N,F,F,F,F,F,F,1000,1500,31.23,121.49,2012,5
75d626992f81a0a6f84546457fabce3520ccbb5e,F,tw,TWD,N,F,F,F,F,F,F,500,1000,31.21,121.56,2012,5
0a7cebf5116b68650e3e6a9d8356307f0efb9660,F,tw,TWD,C,F,T,F,T,T,F,521,915,25.04,121.54,2012,3
c53d7a7a660575d712be1ab23847143890e7b6ce,F,tw,TWD,C,F,T,F,F,T,F,660,770,25.04,121.57,2014,3
40a9c519539485b7b995356529a14ee4d0f90ab4,F,tw,TWD,C,T,T,T,T,F,F,300,1000,25.12,121.54,2014,2
390b334c30ffc6d8c907b1b3385b8653e6f31c46,F,tw,TWD,C,F,T,F,T,T,F,80,500,25.07,121.59,2012,10
26f20fd0efc525535dbc9febef2a7d40741f51e1,F,tw,TWD,C,T,T,T,F,T,T,300,700,25.04,121.56,2013,12
8b20cecc8010696aacbc8f08a30aed0e27b32379,F,tw,TWD,C,T,T,T,F,T,T,300,700,25.08,121.55,2014,1
ba3a19dd97da67377cefb47cc8c25bd1058ec542,F,tw,TWD,C,T,T,F,F,T,T,300,700,25.06,121.56,2014,1
ac51847d9a3d9e19268c47756bc1696be317b4bb,T,tw,TWD,B,T,T,T,F,T,F,412,777,24.23,120.94,2009,12
0c759414e8f3b874be88026b5ea5f8fb894509fd,F,tw,TWD,D,T,T,F,F,F,F,385,613,22.98,120.19,2010,9
3e3fb97c676d061f9c5004a8724d02f4f02785f2,F,tw,TWD,C,F,T,F,F,T,F,394,663,25.04,121.54,2012,3
d2179aabbc809cbdc22de4d6585189288d9a0b0f,F,tw,TWD,C,F,T,T,F,T,F,650,1034,25.05,121.56,2011,5
6c390e167e5fb53373a0f85668065f3cbb62251e,F,tw,TWD,N,F,F,F,F,F,F,1500,2000,31.21,121.46,2012,5
45d34a072662d95b090de64006cdafe45de76cd9,T,tw,TWD,N,F,F,F,F,F,F,1500,3000,31.19,121.39,2012,5
1eb5dc72b404c6aa24b50dea4edc101fdb5eadde,T,tw,TWD,C,F,T,T,F,T,T,300,700,25.05,121.54,2013,9
eba7890ad3b6645b9c35d07add11d4446f961d64,T,tw,TWD,N,F,F,F,F,F,F,500,1000,31.19,121.39,2012,5
40fcb8173f29e95cd85052bd82d84ccadf6413f8,T,tw,TWD,E,T,T,T,F,T,T,500,1000,24.81,120.98,2013,11
e25eed75e389eb2c0789c774e4f61b2f895e37d0,T,tw,TWD,G,T,T,T,F,T,T,370,552,24.97,121.18,2010,9
a52b3185f2338da0a1d8b6eeb01a5c94c41be76d,F,tw,TWD,C,F,T,F,F,T,F,450,800,25.04,121.55,2012,12
8838fdff51db732a472306c3b18d41c4869e5be1,F,tw,TWD,C,T,T,F,F,T,F,250,500,25.03,121.53,2013,1
6eacbe064fd11ce9dee36baec5ee508eafc21883,F,tw,TWD,C,F,T,F,F,T,F,250,750,25.02,121.55,2014,4
acae9b8145b141cf88254af6ffd568e119c450cc,F,tw,TWD,C,T,T,F,F,T,T,250,750,25.02,121.53,2014,5
f81018b710d850376cb1bd63590d9b75c799cfcb,F,tw,TWD,A,T,T,F,T,F,F,80,380,25.01,121.47,2012,12
4cd2d3320f41e53cf6fd6ee011ffcaf7bfbc4f9a,F,tw,TWD,E,T,T,T,F,F,T,80,380,24.81,120.97,2012,12
bdde67ff50888e77799e1a1b63efc2c5a174efbb,F,tw,TWD,C,F,T,T,T,T,T,715,968,25.14,121.51,2014,6
7a920d732f781d87564f027f1d0f57f86e88d58c,F,tw,TWD,B,T,T,F,F,F,F,325,530,24.15,120.64,2012,1
3325cfbc13eb815cf36fec5714fcc94be81f6a23,F,tw,TWD,B,T,T,F,F,F,F,331,545,24.23,120.94,2012,1
b6665a6eedcd72cb4c8bae4b7b73ee8954038da6,F,tw,TWD,B,T,T,F,F,F,T,332,549,24.15,120.65,2013,5
5acfa8b42952efebca7053ea12ec67785d32d3e6,F,tw,TWD,C,T,T,F,F,F,F,361,580,25.04,121.55,2011,11
6ed95d7c174425829836501cd944a6c01b82b102,F,tw,TWD,C,T,T,T,F,F,F,362,564,25.12,121.53,2012,1
f5ab5812f71607ff5b6a88f5235a9d16faee4c9c,F,tw,TWD,C,T,T,T,F,F,T,380,597,25.04,121.57,2012,1
156dc87c499a9cb055fead82557501fdf3145cd5,F,tw,TWD,D,T,T,F,F,F,T,349,554,22.99,120.19,2012,1
02b0e714e9bba8f714f56cb0625063b566a5f006,F,tw,TWD,A,T,T,F,F,F,T,371,547,25.01,121.47,2012,1
eddbd77f653529e67c82c511a86b6919f94b3a06,F,tw,TWD,A,T,T,F,F,F,F,480,780,25.18,121.42,2013,5
592fad8a1f7a05c7651a0a5ede3812da52141a81,F,tw,TWD,A,T,T,F,F,F,F,260,380,25.17,121.44,2013,6
1714f416a23bb58c86691d0fdee399f56ade0f45,F,tw,TWD,F,T,T,T,F,F,F,372,580,24.82,121.02,2012,1
dda017bddffb09a44fa59a590b16cd0788f99c57,F,tw,TWD,G,T,T,T,F,F,T,340,593,24.96,121.23,2012,1
bd142c9c3a5ac47fdd9a7565d2e2fd2472ca24a9,F,tw,TWD,H,T,F,T,F,F,T,351,565,22.63,120.29,2012,1
4fc53bd6d9cd86bf46583bae478951c877204600,T,tw,TWD,C,T,T,F,T,T,F,400,600,25.03,121.56,2014,9
b58ceee5792b66828109e5564983af18d1fd3d17,F,tw,TWD,C,T,T,T,F,F,T,300,500,25.05,121.53,2013,10
d35db84bfb955846e52986e0e217142b07fc53e1,F,tw,TWD,C,T,F,F,F,F,F,277,450,25.05,121.57,2010,2
cf07c2d8d6885bc21c9bab254bc35c54d46d50f6,F,tw,TWD,C,F,F,T,T,T,F,1154,1645,25.14,121.57,2012,2
2dd53a6572a6513c211259bb39545d5316491e8c,T,tw,TWD,A,T,T,T,T,F,T,686,1046,25.09,121.56,2011,10
7234dda1278d4d12f4313591fbf5639b4fe7723b,T,tw,TWD,B,F,T,T,F,T,T,400,957,24.18,120.62,2011,12
4e9d1fdca8f9b2baee8e8182f4d1118cb57afcfb,F,tw,TWD,D,T,T,T,T,F,T,256,432,23,120.14,2009,12
095152ab3f0ab46651db3ec893556d3a6776fa00,T,tw,TWD,N,F,F,F,F,F,F,1000,1500,31.23,121.49,2012,5
a2a5aa84e3ce957d199b02ab8d5df0c6ccf0abe9,T,tw,TWD,K,F,T,T,F,F,F,960,1740,23.87,120.92,2010,12
4186b703c86bd9516e42e551262f8ed816a4386b,T,tw,TWD,C,T,T,T,F,T,F,500,800,25.14,121.55,2011,3
7e8ae24867f137fd20312f43fca2df2fa3b522a1,F,tw,TWD,C,T,T,F,F,T,F,1215,2277,25.08,121.55,2012,7
c424294a43dc477509dcd19a9c1a82caf6bc483c,T,tw,TWD,G,T,T,T,F,T,T,437,728,24.97,121.18,2010,9
e3339e9c98f611f16fb2e5ec16a1145a24e3d57b,F,tw,TWD,D,T,F,F,F,T,F,200,350,22.99,120.21,2011,6
eded79905bd91eb0bc93ce7e98363a200e7992f8,F,tw,TWD,H,T,F,T,F,T,F,300,533,22.64,120.35,2012,4
912246e3bc420e3de3a154a1552d5c8acd4f6234,F,tw,TWD,C,T,F,F,T,T,F,476,789,25.14,121.55,2012,6
19eb792ebc19c06f43b210cd7088499c81fd57e1,T,tw,TWD,C,T,T,T,F,T,T,760,1324,25.05,121.52,2009,12
d6801511ea7277cdb70d996b9c02578e42f3c6e0,T,tw,TWD,C,T,T,T,F,T,T,974,1759,25.06,121.53,2009,12
a181be18553c4d93d2ca84873276a545330a4282,F,tw,TWD,C,T,T,F,F,T,F,520,776,25.04,121.54,2012,3
65eb31f9033e7d706cc161fbbf109ac888bf8ad8,F,tw,TWD,C,F,T,T,F,T,F,462,683,25.04,121.57,2012,3
3a97963b8ac28200d56ac7b8b8f9fcd96a4cc692,F,tw,TWD,C,T,T,T,T,T,T,499,699,25.08,121.58,2013,1
cedc731b25ef3b4a504b21799659dbb0db55c503,F,tw,TWD,C,T,T,T,F,F,F,350,400,25.08,121.57,2014,6
894c795fce3d74f66d1cbc2b1d2ac28268dcba94,F,tw,TWD,C,T,T,F,F,T,T,1650,2750,25.14,121.51,2014,8
c07200da36b6cd2a41d8e239f4a6031ebf40d0fc,F,tw,TWD,B,T,T,T,F,F,F,350,650,24.13,120.66,2014,1
7bb56930789a7fe86823a64f7a6bdfb04b37182c,F,tw,TWD,B,T,T,F,F,T,F,300,600,24.15,120.66,2014,7
4f17aa5074040dabe727fd4aa89c7224fefd95d0,F,tw,TWD,B,T,T,T,F,T,T,800,1800,24.15,120.65,2014,6
10b373df9384f02c334fa6b11f96d014dc11faf1,F,tw,TWD,B,T,T,F,T,T,F,1800,2600,24.14,120.66,2014,6
927bba1ea28237194b7cccf40f6c1cd9b9e0356b,F,tw,TWD,B,T,T,F,F,T,F,250,350,24.15,120.66,2014,8
6b7b91bbfb1365e94b1072632e08bf06cafca116,T,tw,TWD,C,T,T,T,F,T,T,925,1374,25.05,121.53,2012,9
82082163168d5cfa1a5c1258210ad96a8cd3cb89,F,tw,TWD,C,T,F,T,F,T,F,300,600,25.04,121.57,2014,7
b529b8b8ecf18a950e5aa2cdd8dec3aeb68d696f,F,tw,TWD,A,T,F,T,T,T,T,650,650,25.17,121.44,2014,4
af54868e5717d7d0f05d07658a4c54c1d8b027d4,T,tw,TWD,H,T,T,T,F,T,T,1142,2920,22.62,120.3,2011,9
fd9f17624e0f1c3927b5ac0c41b5fb5c6bca60af,T,tw,TWD,N,F,F,F,F,F,F,500,1000,31.23,121.49,2012,5
c0a1d014d015e3c9f896a76ceb41f90791e98417,F,tw,TWD,B,T,T,T,F,T,T,800,1200,24.16,120.66,2014,6
11566888059f7587289dfdb9e4c99e18df01d8d1,F,tw,TWD,C,F,T,T,F,T,T,300,600,25.03,121.56,2013,10
ea2f0096efd321eae5cc6218ee4f564736aa7dc9,T,tw,TWD,A,T,T,T,F,T,F,200,1000,25.05,121.63,2013,9
31fc7b378c55c15fe2b2573953a24e736e1e1fbe,F,tw,TWD,H,T,T,T,F,T,T,300,400,22.62,120.29,2014,4
252d7ca4ce4c8f1e8c3025572ec714f30c6f8253,F,tw,TWD,N,F,F,F,F,F,F,500,1000,31.23,121.46,2012,5
7c8776d88a165a6e0512c7a011010c80b99aabaa,F,tw,TWD,N,F,F,F,F,F,F,1500,2500,31.21,121.45,2012,5
84bc9ada5064d1285d4625037d99220929e7d98a,T,tw,TWD,N,F,F,F,F,F,F,500,1000,31.22,121.45,2012,5
bc922b768548c7411ab0db853115fa31be273f84,F,tw,TWD,B,T,T,T,F,T,T,353,579,24.23,120.94,2012,1
b86461f23aa66f0807945b05b2f76142f8cfcd67,T,tw,TWD,O,T,T,T,F,T,T,260,400,25.13,121.75,2012,9
e2ad615b658b7068814ffbde4ce6131ab26ecdce,F,tw,TWD,A,T,T,T,F,T,T,493,840,25.01,121.47,2012,1
cfa49db26d474af908bf4fb3ff31d06fd330c2cf,F,tw,TWD,N,F,F,F,F,F,F,1000,1500,30.6,114.62,2012,5
bc7d601371c4b7510498dc1dea2741bcf6567e4b,F,tw,TWD,C,T,T,T,F,F,T,180,600,25.05,121.53,2013,10
0138e1634b911422ba3607b85301dccec8ddb927,F,tw,TWD,N,F,F,F,F,F,F,1000,2000,31.24,121.49,2012,5
be0e78e332367863df03d82789dfaac270cd2978,T,tw,TWD,N,F,F,F,F,F,F,1500,2000,31.19,121.39,2012,5
cadf1e4408e50bf90c4f5f2d1963ae2e482e5127,T,tw,TWD,N,F,F,F,F,F,F,1500,2000,31.22,121.45,2012,5
0a41c62ed30da2af5a3ac45290e8651b92d0f7c6,T,tw,TWD,N,F,F,F,F,F,F,1000,1500,31.21,121.44,2012,5
8da0d658970b375be89abc0862bde318fe187017,T,tw,TWD,N,F,F,F,F,F,F,1000,2000,31.23,121.49,2012,5
30988ade9702eff1c7bce2122cd08b99a0f9210f,F,tw,TWD,N,F,F,F,F,F,F,1000,2000,31.21,121.56,2012,5
cd2e4f4385cde98594ffc3be1e2d0a57da836174,F,tw,TWD,N,F,F,F,F,F,F,1000,1500,31.22,121.47,2012,5
5fb2ecaa1b89302c6c528cb69076f75bb3992d67,F,tw,TWD,B,T,T,F,F,T,T,200,400,24.23,120.94,2010,12
05c32bec220739a3ec6edbc3a8a236c947d49e7f,F,tw,TWD,B,T,T,F,F,T,F,424,666,24.14,120.66,2010,12
b4ca25cc6d31ca2878d99e502c93ec7bfb1877b6,T,tw,TWD,B,T,T,T,F,T,T,412,766,24.19,120.67,2011,6
dc40909cd5b58af86282b8f1156ba5daedd65788,T,tw,TWD,B,T,T,T,F,T,T,643,1124,24.23,120.94,2012,2
e5dba9db53fd81adc79fcc7c30c595d5789d58fa,F,tw,TWD,B,T,T,T,F,T,T,600,1000,24.18,120.62,2014,6
8dacc6d9b7ee15bf4499b24c8f0ac55bc26df598,F,tw,TWD,B,T,T,T,F,T,F,300,500,24.16,120.65,2014,8
b4ab95a876dcc163cf96057655f4624470828dde,T,tw,TWD,C,T,T,T,F,T,F,637,1139,25.05,121.52,2011,10
1ca57f63999c2fd6eab64add1e026dc99208b5ad,T,tw,TWD,C,T,T,T,F,T,T,972,1596,25.05,121.54,2012,8
c9ea1b153dc7fef5f93b3695918477a9966e81cf,T,tw,TWD,C,T,T,T,F,F,T,941,1680,25.05,121.54,2012,8
f58a8f8f152ac2ac8a9b3640fbeb204b066437e5,T,tw,TWD,C,T,T,T,F,T,F,562,866,25.04,121.54,2012,9
e19d2e6ca292963ac4b2d45cd2a5cb2151d54b71,F,tw,TWD,C,T,T,T,F,T,F,900,1500,25.04,121.57,2013,6
ae4353e9cee124c0422e3b1da6f0d5d26eda2522,T,tw,TWD,C,F,T,T,F,T,T,500,1000,25.04,121.56,2013,8
78b4eac3252f39389b70bdc8b09fe5138559ace2,F,tw,TWD,C,T,T,T,F,F,F,500,1000,25.04,121.54,2013,11
790ad76d12670c6171754a36a6b64fbad10c7ac4,F,tw,TWD,C,T,T,T,F,F,F,300,500,25.03,121.55,2013,11
d0a4b36cda7b68e69bc9ba083867e1146574fcac,T,tw,TWD,C,T,T,F,F,T,T,500,700,25.05,121.55,2013,11
72f8238e518f48b4f7e70064503524f2a8f720b7,F,tw,TWD,C,T,T,T,F,T,T,500,700,25.04,121.54,2013,12
15daefe03c21d9ab0bd66111ff65a4d7408a808f,F,tw,TWD,C,T,T,F,F,T,T,500,700,25.04,121.51,2013,12
5cce61b1529ff5becb457e9a8774f5eaf2558fff,F,tw,TWD,C,T,T,T,F,F,T,500,600,25.12,121.53,2014,1
e1a050f6889aee508265a61abcf1e038a3461538,F,tw,TWD,C,T,T,T,F,F,T,500,600,25.04,121.55,2014,1
14d1b82996ee79389e10ce0728485100d002cc2b,F,tw,TWD,C,T,T,T,F,F,F,500,600,25.04,121.56,2014,2
e15ba49e098132545095518fcc23c4e9ef1f1a50,F,tw,TWD,C,T,T,T,F,F,T,500,600,25.04,121.57,2014,2
8a369a36dbf4c871806025cf0f9329090f9fd4ec,T,tw,TWD,C,T,T,T,F,T,T,1000,1500,25.04,121.57,2014,3
fccec1c3de308e7f5c86d7a264d0dea889aa12d2,F,tw,TWD,C,T,T,T,F,T,T,400,800,25.13,121.51,2014,6
32ca63a5e732186ece09d4e076a27cd9a8bc1afd,F,tw,TWD,C,T,T,T,F,T,F,1100,1600,25.03,121.56,2014,8
dbbb7235502b6145d9026894bf9864adf8752b27,F,tw,TWD,C,T,F,F,F,T,F,500,800,25.08,121.57,2014,9
6e7131a4d2144329656c70b66471fc78506d6a75,F,tw,TWD,C,T,T,F,F,T,F,500,800,25.06,121.51,2014,9
fb5e6ffa17b28acc81ad26b47b5c72a94971884e,T,tw,TWD,D,T,T,T,F,T,F,700,1500,23,120.21,2012,6
9d9919a23ad007c6b32c369c11daf0093320be31,T,tw,TWD,A,T,T,T,F,T,F,200,1000,25.06,121.64,2013,9
ae4090ca93557383b664f01b353f0765b8a0dbf6,F,tw,TWD,A,T,T,T,F,F,T,500,600,25.02,121.47,2014,1
cbd00fcbdde206e4de82a280670f77a875f0b50d,F,tw,TWD,A,T,T,F,F,T,T,700,850,25.01,121.46,2014,8
c20334ce9bb426fab112565c3d6375f89b838d1e,T,tw,TWD,E,T,T,T,F,T,T,506,717,24.78,121.02,2012,2
c71bfe2e3437e731ac7d01a2cc5021ba5fc33e0c,F,tw,TWD,E,T,T,T,F,T,T,500,700,24.81,120.98,2014,3
b984ed6100cff80e2cfb9a42953137cede5ea9e6,T,tw,TWD,F,T,T,T,F,T,T,580,2000,24.82,121.03,2013,4
544ee5fa2bf7e8c1a9f487c680e9e8cc75ab024c,T,tw,TWD,G,T,T,T,F,T,T,438,687,24.97,121.18,2010,9
29b8a63933e34d1e749224cc6c240df85b576440,T,tw,TWD,G,T,T,T,F,T,T,632,924,25.07,121.22,2012,8
b20207d26115a4533a35908a0df49f178747380e,F,tw,TWD,G,T,T,T,F,T,T,500,700,24.98,121.32,2013,10
a5151beb36e8a96848289bea8337c3868e5dd453,F,tw,TWD,G,T,T,T,F,T,T,500,700,25.04,121.29,2013,11
822644cc15f5ad507d9f0e5d26c68e67a92d6dfc,T,tw,TWD,P,T,T,T,F,T,T,689,1244,23.99,121.63,2010,12
3e4b7a5c696d253c22fdbb81e963506e3b8f4568,F,tw,TWD,L,T,T,T,F,T,T,411,660,24.4,120.77,2010,12
de9cb706071ab5d2912b33100148d5efd486d230,T,hk,HKD,I,F,T,T,F,T,F,0,0,22.32,114.18,2014,4
5a4ef0bc5e245df4a364662f05fc7bc2eea09b82,T,tw,TWD,H,T,T,T,F,T,F,355,555,22.63,120.29,2009,12
9cf93c8ce8d52170118e6cdb7b68e5222acee019,T,tw,TWD,H,T,T,T,F,T,F,800,1000,22.87,120.36,2012,12
ccdcde036026dd086f77f722406dccefe09989e5,F,tw,TWD,H,F,T,T,F,F,F,300,900,22.62,120.3,2013,2
40d72aa99e215fe5210b434437c94b755bdc9c04,T,tw,TWD,N,F,F,F,F,F,F,1500,2000,31.22,121.45,2012,5
5db5e4adbd3592be685cbc4795cbdb70865eb197,T,tw,TWD,N,F,F,F,F,F,F,1500,2000,31.23,121.49,2012,5
21bf23edeabfee8e246f3b20e710b9b206ae99e6,T,tw,TWD,C,T,T,T,T,F,T,1121,1920,25.05,121.54,2012,8
af999513194498e65695d85bbf6f1c66eaa64efc,T,tw,TWD,C,T,T,T,F,T,T,1000,2000,25.04,121.57,2013,11
1e4287353ecd894c6afee417abf4a4bcb9c4b3e4,F,tw,TWD,H,T,F,F,F,F,F,238,337,22.66,120.31,2010,8
9496f0e75bead0b5374e4aa971979edb85f781a1,F,tw,TWD,B,T,T,F,F,F,T,400,800,24.14,120.66,2014,7
75605b879bdadde9b7898c892788e4e637318d86,T,tw,TWD,C,T,T,T,F,T,T,1009,1914,25.08,121.56,2012,1
59517834594ee9dfb0fc4d6e76a08bf96d3062d4,F,tw,TWD,C,T,T,T,T,T,T,1220,2663,25.04,121.57,2012,9
0b63f2384cab2c1b7df7105f711f582f6c32a9a1,F,tw,TWD,C,T,T,F,T,T,F,1000,1500,25.08,121.55,2013,6
803f477a530f1ec61f3f5bc64555ce57fc445feb,F,tw,TWD,C,T,F,F,F,T,F,300,800,25.04,121.55,2013,12
6bc9c0981daafef449c8fb519478112cd6a0b6cb,T,tw,TWD,H,F,T,T,F,T,F,580,950,22.73,120.41,2014,6
0b43f7c63c7324d338be297f3354b671ee1bd2ec,F,tw,TWD,C,T,T,F,T,T,F,1000,1500,25.04,121.56,2013,3
6beeb78adcab1158038ed86433fcb7ef32808ede,F,tw,TWD,H,T,T,T,F,T,F,350,500,22.66,120.31,2014,4
47c01ef516e99d61a3686f6e1892d1ace83fc53f,F,tw,TWD,C,F,T,T,F,T,F,250,800,25.04,121.55,2013,10
7c2137683c74b86e0f48025f7d1480cd6e2f3d54,F,tw,TWD,C,T,T,T,F,T,T,572,985,25.04,121.54,2011,3
e16bea0ac1ea7bfceb23ff0b4d8e7e1428bab332,F,tw,TWD,C,T,T,T,T,T,F,607,1061,25.04,121.56,2011,7
618b6e3fd20d3f9ba201dede950eeda35f9cb101,T,tw,TWD,B,T,T,T,F,T,F,280,650,24.23,120.94,2013,2
8f090abd8d05dde52081919b1110f2cb95745861,F,tw,TWD,C,T,F,T,F,T,F,300,1100,25.04,121.57,2014,6
ab2bfd6ed983b798f2fb21e0ac56fadaa74eee41,F,tw,TWD,D,T,T,T,F,T,F,337,492,22.99,120.17,2009,12
5a0560a6d5e8c59eb9bb6e782c0a48d6b8e9b617,T,tw,TWD,C,T,T,T,F,T,T,761,1303,25.09,121.56,2009,12
8da9427602ad535bbc991535e2c1338bc5684e21,F,tw,TWD,C,T,F,F,F,F,F,259,384,25.04,121.54,2012,11
91a837e6a8665b5f2bb8e254a1800bfbc35ba4e8,F,tw,TWD,D,F,T,T,F,F,T,400,1000,23,120.22,2013,10
085996c4fee1b5195077fedd3a2243f95d5d8937,F,tw,TWD,C,T,T,T,F,T,T,1132,2454,25.03,121.56,2011,3
2509d96893621808861c72d3e37a5c2a88acd2b7,F,tw,TWD,C,T,T,F,F,F,F,761,1429,25.04,121.53,2011,6
53f2a268cee661676d1bfa5f4a37adea303f0d50,F,tw,TWD,C,T,T,F,F,T,T,687,1236,25.08,121.56,2012,6
0e4f0a4c9c910f2258da6880103b828c70eed697,F,tw,TWD,C,T,T,T,F,T,F,663,1149,25.05,121.52,2011,6
ec1a169576d8accddb1126a9c5d9e2d70f1b1262,T,tw,TWD,C,T,T,T,F,T,T,500,2000,25.04,121.56,2013,10
530e95e32357b6197051d5cf7619920695d495b6,F,tw,TWD,C,T,T,F,F,T,F,800,1200,25.06,121.54,2014,3
bf4587e32be0cd4b36ad5a7aa29def9951b35fd9,F,tw,TWD,C,F,T,T,F,F,T,994,1746,25.04,121.57,2012,1
8b656b30ac09b157ae779c543c621273810d082f,T,tw,TWD,H,T,T,T,T,T,T,587,946,22.62,120.3,2009,12
eac24e5524e308ec831ce6fca2ea916812ffd142,F,tw,TWD,C,T,T,T,F,T,T,500,800,25.06,121.53,2014,9
4aa4187de57894409f77edf5c37c39ce392b6bb8,T,tw,TWD,A,T,T,T,F,T,T,308,880,25.2,121.6,2013,2
481de43920da7869cca3f6aa345185cd23cf1327,F,tw,TWD,B,T,T,T,F,F,T,265,495,24.14,120.69,2011,5
e26838d004dadd207b5758306ccdf102e5a3636c,F,tw,TWD,C,F,T,F,F,F,F,300,800,25.04,121.53,2014,4
218e3ceb2f320f3d35175c874c8877703731d49f,F,tw,TWD,E,F,T,T,F,F,F,300,500,24.8,120.97,2013,11
9c08625cb144d7fbd1457a857e4c6bc9dc77d04e,F,tw,TWD,H,T,T,F,F,F,F,453,812,22.65,120.29,2012,8
0c2759b0720e3b98b0982b3e2e896832999ea2a0,T,tw,TWD,N,F,F,F,F,F,F,1500,2500,31.22,121.44,2012,5
1e03b7b3ce8bb46eac3e5cb120539c4e0c9d674f,T,tw,TWD,H,T,T,T,F,T,T,548,879,22.62,120.29,2014,9
3db60e5e626e8e4dbf8184d0262935f9d20c1c91,T,hk,HKD,I,F,F,F,F,F,F,300,500,22.31,114.22,2014,4
4126260216ffbdc355867e0aa3c243a9df975cd1,T,tw,TWD,B,T,T,T,F,T,T,1142,2355,24.18,120.62,2011,12
770dbe93ba91f9d276bd086146032907d9a961b5,T,tw,TWD,B,T,T,T,F,T,F,330,2076,24.23,120.94,2014,4
cd9a3ad22adf1508b854c31a9f0abfa80d5d8d07,F,tw,TWD,C,T,T,F,F,T,F,935,1723,25.04,121.55,2012,11
72448051e12c67337fce46a35402c025ac351496,F,tw,TWD,C,T,T,F,T,T,F,1200,3800,25.08,121.55,2012,11
ea321aac293aa9a77d56fd9d69f9a96ae73bbe45,F,tw,TWD,C,T,T,F,F,F,F,600,1200,25.06,121.55,2014,1
a42bc0c8e44b1ad9dc7abfe7d88f13e347f0762a,F,tw,TWD,C,T,T,F,T,T,F,250,1000,25.05,121.52,2014,7
a3c3ce3bafa6bdc4f7c8e6f45032f9042c872130,F,tw,TWD,D,T,T,T,F,T,T,460,1180,22.99,120.18,2010,3
78ad4a2cc9d78899c08dee71fe315a021bb3d8ef,T,tw,TWD,Q,T,T,T,F,T,T,300,500,23.49,120.46,2014,8
5a857293b224b1dbcb7d55d3a5131e3946bcda6b,F,tw,TWD,B,T,T,T,F,T,F,350,1080,24.16,120.64,2014,4
1f1e80bb31b0f5f3b83aa6610ddf7683bd906666,F,tw,TWD,B,T,T,T,F,T,F,350,1080,24.15,120.67,2014,4
f7f226cccbe7ad0ad9ce3970ba823f48656e4503,F,tw,TWD,A,T,T,F,F,T,F,327,567,25.02,121.47,2012,3
b9e9387040874ddac1f46ace05c1d09d994cc7a6,F,tw,TWD,D,T,T,T,F,T,F,711,1720,22.99,120.22,2011,4
54a7dd97d3391bd473869becebc6babe11c4a2b4,T,tw,TWD,H,T,T,F,T,T,F,471,980,22.66,120.29,2013,3
2ce71b0c8a7277b45c512f495f99bb77642833fd,T,tw,TWD,A,T,T,T,T,T,T,715,1624,25.09,121.56,2011,10
190210b67801a7437c18f8550d097f3a69fb7d1b,F,tw,TWD,C,T,T,F,T,T,F,1000,2500,25.06,121.52,2013,12
a1d57740cc3e3bbbd2cb4ad8d7bc7f24fb034f60,F,tw,TWD,C,T,T,T,F,T,T,770,1633,25.03,121.57,2011,11
bd81de51959324dd6b9741f8771bbb72e14ddb77,F,tw,TWD,C,T,T,T,T,T,F,705,1427,25.05,121.55,2012,11
0e22969ee873428f83a2283442a205e0e29d326f,F,tw,TWD,H,T,T,T,T,T,T,539,1112,22.67,120.3,2010,9
9c30b8a99f057cd22f3a6f89fdd2912f47610438,F,tw,TWD,C,T,T,F,F,T,F,600,1000,25.06,121.54,2013,4
9a2c082e02b5fc1ad1e6c2cd8cf0e8ab3ff0472e,F,tw,TWD,C,F,T,F,F,T,F,500,800,25.04,121.56,2013,9
33e5aee1c5e6b021ea935acc0bd5a912adc2dbf9,F,tw,TWD,F,T,T,T,F,T,T,500,1500,24.81,121.04,2013,4
bb2994c1c55c886a4b3f7b411a213da7e26a2f32,T,tw,TWD,B,T,T,T,F,T,F,556,926,24.15,120.67,2009,12
bd4ef8cccebd07313da0e5c75861f3e1d9d3ffd6,F,tw,TWD,D,T,F,F,F,T,F,200,400,22.99,120.18,2011,5
90de49447ca7ba700ab92c71a4a43162da9ca194,T,tw,TWD,E,T,T,T,F,T,T,663,949,24.81,120.98,2012,6
d9d7ec0c1e1c4ff02e81983883436cdde0671b94,T,tw,TWD,G,F,T,T,F,T,T,380,505,25.07,121.22,2012,8
5fcc33dfda62c8f910266a1d5a1b431da4c85bc1,F,tw,TWD,N,F,F,F,F,F,F,1500,2000,31.21,121.56,2012,5
2370216ac722319c87bcc1c9edb33164c63d3ae9,F,tw,TWD,B,T,T,T,F,T,T,400,600,24.23,120.94,2014,5
1ade70ea230817513696883014bc77febc899473,T,tw,TWD,C,T,T,T,F,F,F,733,1214,25.04,121.54,2012,9
315539f0e97fefc6ddb63ac8a7258067a325df15,F,tw,TWD,C,T,T,F,F,F,F,1200,2100,25.04,121.56,2013,3
ba6d83fbd401a99f37aeba130f30185ba62719a1,F,tw,TWD,C,T,T,T,F,T,T,150,1000,25.04,121.54,2013,9
c3fa65ddaae8adae68d972aaac01696dcaf173ca,F,tw,TWD,C,T,T,F,F,T,F,1408,2000,25.04,121.55,2014,7
4640a78bb451658a952b05c6e11cda535a21f1fa,F,tw,TWD,A,T,T,T,F,T,T,200,400,25.19,121.44,2013,5
fd5d6d7d44c626c3a08eac117882a380a8a30df6,F,tw,TWD,A,T,T,T,F,F,T,300,1000,25.01,121.47,2013,10
5164cad6982d318be358e05f9800219df2b762fe,T,tw,TWD,E,T,T,T,F,T,T,651,1093,24.78,121.02,2012,2
aa50178373470aed2b50cf819be199641ff77b05,F,tw,TWD,H,T,T,F,T,F,F,350,500,22.66,120.3,2013,3
aeb8285d0dc6505c3bb04582354c8a66cd7802d4,F,tw,TWD,H,T,T,T,F,F,F,780,1880,22.63,120.33,2013,3
5ac0204c4d6c42dd394608732b76472f1de45dc3,T,tw,TWD,C,T,T,T,F,F,F,626,800,25.06,121.52,2012,4
2ee9f8b03bea3c7c119e22224ab33c5462317604,T,tw,TWD,B,T,T,T,F,T,T,535,674,24.14,120.59,2012,6
0a141c11dc7bfbf06ccd097a5773c0d2052c3ff0,T,tw,TWD,C,T,T,T,F,T,T,1200,1500,25.04,121.56,2013,8
533cb0588f65f15249e4c32e16f5b7698da36ec4,F,tw,TWD,D,T,T,T,F,T,F,498,662,22.97,120.22,2012,11
5c9fa7a8ee8bc770a80732247ce9fcf1e7ccb893,F,tw,TWD,C,T,T,T,F,T,F,390,537,25.04,121.51,2012,5
74e0969d95e7a74421a9f58abbee17eeb3dd42a7,F,tw,TWD,R,T,T,T,F,F,T,372,489,22.67,120.49,2010,11
34440e63ca8c0a4331b7d13ffe00766bad9eba4c,F,tw,TWD,B,T,T,T,F,F,T,515,678,24.14,120.69,2012,11
70191ecdd81f7a3949b979afb87b43ea6f08b507,F,tw,TWD,C,T,T,T,F,F,T,566,729,25.05,121.55,2012,11
d0de2513df4b476abcc97e10da01c9c72df49a02,F,tw,TWD,H,T,T,T,F,T,T,507,663,22.62,120.3,2012,11
f3238f9904a86eefa8d1e1371161bfe3a4692644,F,tw,TWD,B,T,T,T,F,F,F,298,598,24.15,120.62,2012,11
d122fba8fc8fbf6f27c9f5f18de52c5f3bd3ffa9,T,tw,TWD,H,T,T,T,F,T,F,575,788,22.62,120.3,2009,12
7fe71baf0f56d3a4a9ab02672d01240cf0af6c14,T,tw,TWD,C,T,T,T,F,T,T,490,750,25.05,121.52,2013,3
884bc5f73e10852ca67d67287e7e5262623f5bb7,T,tw,TWD,D,T,T,T,F,T,F,566,728,22.99,120.2,2009,12
1798cd66e3e7893a7d52561b31148704b6bda354,T,tw,TWD,C,T,T,F,T,T,F,600,650,25.05,121.51,2014,9
b747c4969534e20e0bbf90a4c52eba56d8ef6c2b,F,tw,TWD,B,T,T,T,F,T,T,780,1800,24.16,120.66,2014,9
f1a166e5093473a4896fb9c58e0f9d61a8e5ba93,T,tw,TWD,C,T,T,T,F,T,T,871,1728,25.09,121.56,2009,11
54db14cc90f3f3a77a904daf0c3f6b37314f8c16,F,tw,TWD,C,T,T,T,F,F,T,455,755,25.04,121.55,2012,6
4194f93a08ccb0ad1e708a8ad056776b1fdef868,F,tw,TWD,C,T,T,F,F,T,F,800,1200,25.06,121.57,2014,2
31c82b892e0ed85637443bc6310af0752a3fa78a,F,tw,TWD,C,T,T,T,T,T,F,700,1000,25.04,121.54,2014,3
e28341dcd249f4be178ba9a1009ec3881abc7808,F,tw,TWD,C,T,F,F,F,T,F,1350,1350,25.05,121.54,2014,7
c6ecebf33d845c0e02c5e9e8cd54c636305d5a07,F,tw,TWD,C,T,T,T,F,T,F,900,1000,25.04,121.56,2014,7
cf4a2f95d3de2c5cde6dd1ce01bfd0d85025684b,T,tw,TWD,E,T,T,T,F,T,T,300,800,24.81,120.98,2014,2
197eca9a179c9068d1abb5f77b56de4908c35b54,T,tw,TWD,H,T,T,T,F,T,F,859,1761,22.63,120.29,2009,12
ff028ecebf60d466cb8470206284ffd7cee071bb,T,tw,TWD,H,T,T,T,F,T,F,980,3300,22.73,120.41,2013,10
ad88ffe9143d84ce128c1470909359428be46931,F,tw,TWD,C,F,T,T,F,T,F,727,1091,25.06,121.54,2009,12
d6bb3b5d7a9a0449487a9e2358d8479d5ad951ec,F,tw,TWD,C,T,T,T,T,T,F,680,3000,25.05,121.55,2014,7
acacc42cbc9f54b8139e6c7176a338298eda59f9,F,tw,TWD,C,F,F,F,F,T,F,300,500,25.07,121.52,2014,2
99e1f68888a6ab1ce696f865e29cce33bd56e36d,T,tw,TWD,C,T,T,T,F,T,T,1110,2213,25.05,121.54,2009,12
efb5f3280dc282ec1368fa70e995b8a7414bb58d,T,tw,TWD,C,T,T,T,F,T,F,875,1684,25.04,121.51,2011,4
e079a4589b1feb9345ac7bc7cbd0b8bafd706d0a,F,tw,TWD,C,T,T,T,F,F,T,366,603,25.04,121.57,2011,11
441a5a74d687fe0032599d8753a376b879d98c07,F,tw,TWD,A,T,T,T,F,T,F,832,1107,24.98,121.5,2012,5
06b537e6e82af10f6f746d1006a38cae194066ff,F,tw,TWD,B,T,F,T,F,T,F,500,800,24.09,120.73,2014,5
22a0ccb546f9586e81c918cc07c0273f9a169507,F,tw,TWD,C,T,T,F,F,T,F,500,1000,25.04,121.55,2014,5
5430ee07b87a2f560bbbbdb713eda52835114603,F,tw,TWD,C,T,T,T,F,T,T,500,1000,25.03,121.55,2014,5
d436c0682fce62f0c1b98253e21b9aaf3030f0c8,F,tw,TWD,E,T,T,F,F,F,F,411,630,24.81,120.97,2009,12
c6b0577c666454851a495ec3ee1697594b0dcda2,F,tw,TWD,B,T,T,T,F,F,T,206,341,24.04,120.73,2011,6
aa99cfeddcac341883a8b61a4f4afc28996d4dcb,F,tw,TWD,C,T,T,T,F,T,T,223,348,25.06,121.58,2009,12
bd76d1e31cb09d57afaa2c6393ec262085e1fade,F,tw,TWD,C,T,T,F,F,T,T,220,346,25.09,121.56,2009,12
540d0a8d75a332e387492aa012e315afc1281b56,F,tw,TWD,C,T,T,F,F,T,F,219,338,25.04,121.51,2009,12
fce681504b8cc4a683cb7bc405aae9e0d05d2884,F,tw,TWD,C,T,T,T,F,F,T,200,330,25.09,121.56,2013,3
a6f1fc8acc968b97a30bad392f9b4c547bd374a4,F,tw,TWD,D,T,T,F,F,T,F,200,300,22.99,120.22,2011,4
d4d86c5b26356c519601eb0b06259faa654e84db,F,tw,TWD,A,T,F,T,F,T,T,215,355,25.19,121.46,2012,12
e4b42c8e937bf0cdb01e4b90366358b70d5938ce,T,tw,TWD,F,T,T,T,F,T,T,800,1200,24.82,121.03,2013,4
6700569c5af0a9e897682c81cc2ce7730beae494,T,tw,TWD,H,T,T,T,F,T,T,452,653,22.63,120.28,2011,9
6d6565153f2e1b3569d6b959ce059640b8e8d6cf,T,tw,TWD,B,T,T,T,F,T,T,1083,2283,24.18,120.62,2009,10
2a41ceb391f9962fc4a5cd81d8b1aa59d74cbf32,F,tw,TWD,C,T,T,F,F,T,F,680,3000,25.03,121.55,2014,2
452626dabedfbffe9c2ceee7557c8162cf3dfc0a,F,tw,TWD,H,T,T,T,F,T,T,1000,1500,22.66,120.31,2014,8
97a0748a73da8a5bd360b11e6e2cc5321a83b14e,F,tw,TWD,C,T,T,F,T,T,T,473,991,25.06,121.58,2010,12
41abb448a4a1360cba17bbc5f0ce2cd85d7dd5b4,F,tw,TWD,C,F,T,T,F,T,F,600,900,25.04,121.55,2014,2
7494231b68ddb9d21c24aff0e5fc8d8bf64d4746,F,tw,TWD,C,T,T,T,T,T,T,800,1200,25.04,121.57,2014,6
5b8aa9b1a665c74fa5a06fcd48852005a014c83c,F,tw,TWD,C,T,T,F,F,T,T,1500,2000,25.05,121.52,2014,5
ff5dd9f3f46420d596f4fc9b43d9f56be634950e,T,tw,TWD,C,T,T,T,F,F,T,1168,1905,25.05,121.54,2012,8
00261cc87261cb6b0b11f6ba58c007922c679f04,T,tw,TWD,C,T,T,T,F,T,T,671,1185,25.06,121.52,2011,10
7a226c71b29780b84253927c687ec731343d6c9f,F,tw,TWD,C,T,T,T,F,F,T,861,1384,25.04,121.57,2011,12
d8e6c00bc2aa9141f143e8b69f5e8df14f0c1e9d,F,tw,TWD,C,T,T,T,F,T,F,1800,2200,25.05,121.54,2012,5
339b6ea93d00fa8364ff158c33aa362793322361,F,tw,TWD,D,T,T,T,F,F,T,472,864,22.99,120.21,2011,3
7f5da17f448496810a9a6a9657a3febcb51604d8,T,tw,TWD,D,T,T,T,F,T,T,723,1322,22.99,120.2,2011,4
257408aaab5193641cf4ebcb14327119de874801,T,tw,TWD,A,F,T,T,F,F,F,611,1082,25.09,121.56,2011,1
dbc1095e632707f86162c368411a5193f998aa68,F,tw,TWD,C,T,T,F,F,T,T,1122,2383,25.03,121.55,2012,4
a8499514feae27d61d6131ed02ee330754bc6ab1,T,tw,TWD,B,T,F,F,F,T,F,300,400,24.16,120.65,2014,8
19605275686d9b5276d85ca53117a10b1282eab8,T,tw,TWD,B,T,T,T,F,T,T,944,1788,24.19,120.61,2009,10
e5c9f429ab0fde39efe7c669bcdf88cb814a36b5,F,tw,TWD,C,T,T,T,F,F,T,336,646,25.09,121.56,2012,1
4c7abe801e2624161c16b90cf092082ef0e06506,F,tw,TWD,B,T,T,T,F,T,F,300,600,24.16,120.66,2014,7
a63db3e1591bca82190a9567a47bf6ea818c2f1f,F,tw,TWD,C,T,T,T,F,T,F,200,600,25.03,121.55,2012,11
f27c5f9659fc1b6ea00813687cbac63e4a996620,F,tw,TWD,H,T,T,F,F,T,F,200,500,22.62,120.3,2012,10
42170a4fdafa29cf1b7f4d8a37aa911295778476,F,tw,TWD,H,T,T,F,F,F,F,300,500,22.67,120.29,2013,8
d02cf7ba32e878473addc6e805654c90626bfe13,F,tw,TWD,C,T,T,T,F,T,T,863,1478,25.04,121.56,2012,7
cc016eb89486f4092924a7229aa97cd7a047e56b,F,tw,TWD,N,F,F,F,F,F,F,1000,1500,31.21,121.44,2012,5
00173fbbee383f89a785331530d7a8eba439f226,F,tw,TWD,B,T,T,F,F,F,F,1880,3800,24.14,120.66,2014,7
a9fa10496559e992eed4a04d64514fc0b8c8b351,T,tw,TWD,C,T,T,T,F,T,T,1369,3306,25.05,121.52,2009,12
4696c1717831e61c642244d7bf778842aef50aa6,F,tw,TWD,C,T,T,T,F,T,F,800,1500,25.06,121.55,2013,11
91ffcc25149dbf94a1b350d6b76eb68a50ecb34f,F,tw,TWD,C,T,T,F,T,T,F,400,500,25.04,121.55,2014,9
2fa37b252aa8d30afe8b838b277fedc7288a755b,F,tw,TWD,H,T,T,F,F,F,F,969,1984,22.66,120.31,2013,3
0d7b69958280e347a1e2c74e5a2fe3d021502dbf,F,tw,TWD,H,T,T,T,F,T,F,1000,2000,22.62,120.29,2014,7
2acc572509be0bb7e2cdc4baad4d98dbecdb838e,F,tw,TWD,H,T,T,T,T,T,T,0,0,22.67,120.3,2014,9
2c55ef6855f011112e876a941aa98cd074d36efb,T,tw,TWD,D,T,T,T,F,F,T,1108,2199,22.99,120.2,2010,2
3ec5ab9e53d611b2f8dae66c0a15b13fd41f7d73,T,tw,TWD,H,T,T,T,F,T,T,958,2429,22.62,120.3,2009,12
39e22eaeedad5fe66b039a6ab526562fd7ff961d,F,tw,TWD,C,T,T,T,F,T,T,584,1004,25.1,121.53,2008,7
aa142183055840301c8f11c54bb12c84d12523a7,F,tw,TWD,C,T,T,T,F,T,T,472,782,25.08,121.56,2008,7
ecc3613406134b47e80698e55c6287e321a7c3f5,F,tw,TWD,H,F,T,T,F,F,F,574,1043,22.63,120.33,2012,7
23841d73b598d6aec964e4f7661ed28c10b683dd,F,tw,TWD,C,T,T,T,T,T,T,337,571,25.07,121.52,2011,3
d2eebe7d87a93e81fc025b7484878c8181d56102,F,tw,TWD,C,T,T,T,F,T,F,573,1027,25.05,121.54,2011,11
f1818b38a1d1816ef658d1a90a265c38cf998f34,F,tw,TWD,B,T,T,F,F,T,T,1000,1800,24.15,120.64,2013,2
bf03e258d00bdb9f8f32f7b211f5d836c1f09332,F,tw,TWD,C,T,T,T,F,F,F,1332,3654,25.04,121.57,2012,1
e0ba53a1bcd2236253da3d4766b91c7b3f5e6f83,F,tw,TWD,C,F,T,T,F,T,T,880,2000,25.04,121.55,2012,12
4eaf02825bdee973c4990981b75f0b1f19dacb54,F,tw,TWD,C,T,T,T,F,T,T,200,800,25.05,121.56,2014,1
bcdeb1cfadcce239607d800fdfe40e520b03ae49,T,tw,TWD,C,T,T,T,F,T,T,612,1033,25.06,121.53,2009,12
5d6aa188183dcbdb18557d6e22a5db4efaf5cbae,F,tw,TWD,C,T,T,T,F,T,F,666,1044,25.04,121.54,2011,10
5fb56d0584590e1e094f5258183e6c0dd72c09a6,T,tw,TWD,C,T,T,T,F,T,T,1447,3711,25.06,121.53,2009,12
92e7d7245684ce1307d723e192d7952ea04f0601,F,tw,TWD,C,T,T,T,F,F,T,1000,1500,25.04,121.56,2013,11
e3c60d3acc5a7551a6bad5913d55eb0f60199f0f,F,tw,TWD,C,T,T,F,T,T,F,300,600,25.04,121.55,2014,7
0bd1cbf54b7e6d780e37e1044e78fae1021937a9,F,tw,TWD,N,F,F,F,F,F,F,1000,1500,31.21,121.44,2012,5
a406a1335ec7bb9a7762f6c46e6bc0525c24d179,F,tw,TWD,N,F,F,F,F,F,F,1000,1500,31.21,121.44,2012,5
3b4be27bb434502b583941866528e0b35e83dcee,F,tw,TWD,N,F,F,F,F,F,F,1000,1500,31.27,121.51,2012,5
58eec555b1ca441c7b6d3e8c7608132012b839a4,F,tw,TWD,N,F,F,F,F,F,F,1000,1500,31.3,121.5,2012,5
1afd3b6a7e6328d3c232d396b4a2ee0835886160,F,tw,TWD,C,T,T,T,F,F,T,639,1075,25.04,121.57,2012,1
0f401deed125dd0e1420ddcd6b66dd6201b5ce1e,F,tw,TWD,C,T,T,T,F,T,T,1200,4000,25.04,121.55,2012,10
c8be2bc3b7b18072c793ade7835215712e29470c,F,tw,TWD,C,T,T,F,F,F,F,300,800,25.04,121.55,2014,1
0723f9e3824fccb9fffb38400e654f4b99633a98,T,tw,TWD,B,F,T,T,F,T,T,400,1200,24.15,120.64,2014,6
3ab2d93d3a32aeb430db8e391ca86b58a50d06b0,F,tw,TWD,C,T,T,T,F,T,F,900,1404,25.03,121.55,2013,3
ecdf7239480dfe9307ec8972a0eb69fc187ffbe5,F,tw,TWD,C,T,T,F,F,T,F,400,600,25.04,121.55,2013,8
ef6fef3e94a4e03ffaa88bf674e90ff0db5339d8,F,tw,TWD,C,F,T,F,T,T,F,600,800,25.04,121.56,2014,8
f987fd66803f9c6d0931a8f61acbeaeb42c0ae09,F,tw,TWD,N,F,F,F,F,F,F,1500,2500,31.2,121.44,2012,5
42f5d444d4d12ebe456a99b89f811b725515637e,F,tw,TWD,B,F,T,F,F,F,F,317,589,24.14,120.66,2010,12
fc7f3644153593d23e944d652c3f0c76fd4efc92,F,tw,TWD,B,T,T,T,F,T,T,409,972,24.23,120.94,2009,12
1ec06496f332e1086e5411443abd376086873a4b,F,tw,TWD,N,F,F,F,F,F,F,1000,1500,31.21,121.45,2012,5
885d618c7453edfc6279ccbd40055a4bf2596ba4,F,tw,TWD,N,F,F,F,F,F,F,1500,2000,31.24,121.5,2012,5
561ac35fb60be8122a45ffba0c9e96656432844a,F,tw,TWD,B,T,T,T,F,F,F,500,600,24.15,120.64,2014,5
52cdb0b851186124f4f87771e6ba141e6cd1d4b2,F,tw,TWD,B,T,T,T,F,F,F,500,1000,24.15,120.65,2014,5
ccd8b96785950debfff42bd7cef0b64707d11943,F,tw,TWD,B,T,T,T,F,F,F,500,1000,24.16,120.66,2014,5
cc43828c939d2fc44bee1cdca904e83f99e44e7a,F,tw,TWD,B,T,T,T,F,F,F,500,1000,24.23,120.94,2014,5
3fd4e53c1339d069be2bd1069b66f610eb6e2282,F,tw,TWD,B,T,T,F,F,F,F,500,600,24.17,120.64,2014,6
721a4871d0feaf1d02c0b054bcf0d93df762ba19,F,tw,TWD,C,T,T,T,F,T,F,501,747,25.06,121.54,2011,12
38bf57013b09e7971758ac5e3db6eef4d2a356ea,F,tw,TWD,C,T,T,T,F,T,T,628,875,25.05,121.56,2012,5
ffa498f17d0b9ec00fb8cf97eb8d819b8df9403e,F,tw,TWD,C,T,T,F,F,T,F,550,550,25.05,121.52,2013,4
ade4ef45d2866b1fc78d3a1850a81fb9206d5d10,F,tw,TWD,C,T,T,F,F,F,F,500,600,25.07,121.52,2013,7
0ec518271b278e4882d69d68bf94b0d813d3fcd0,F,tw,TWD,C,T,F,F,F,T,F,350,500,25.04,121.55,2013,8
1201bce3f12267e46f93763849dc93e596008398,F,tw,TWD,C,T,F,F,F,F,F,600,800,25.05,121.55,2014,3
78682fadedbfbec4e14acf400b46c87b177023be,F,tw,TWD,C,T,T,T,F,F,F,500,600,25.04,121.54,2014,5
b901660373971aa17c0768fbf4336cc752f30cbc,F,tw,TWD,C,T,T,F,F,F,F,500,600,25.04,121.53,2014,5
2ae930ffc023a16dc84954853d24df976b5cbf1d,F,tw,TWD,C,T,T,T,F,F,F,500,1000,25.05,121.56,2014,5
a20f077e2ad8ef0e2ea01f6a82de30d588c3676e,F,tw,TWD,C,T,T,F,F,F,F,500,1000,25.05,121.54,2014,5
cd4fd86662ac138cb8e70dc17a51c52c669d69f6,F,tw,TWD,C,T,T,F,F,T,F,380,1000,25.03,121.55,2014,6
1ed3eb43fa356b726e382041c836b900becfebcc,F,tw,TWD,C,T,T,F,F,F,F,500,600,25.06,121.53,2014,6
0d7dfdffd1a939d7ed00682dd6dc234c824b669c,F,tw,TWD,C,T,F,F,F,F,F,549,659,25.05,121.54,2014,7
51e7100506735e54ce923f82a023c59573b4b477,F,tw,TWD,D,T,F,T,F,T,T,350,900,22.98,120.22,2013,10
78446d7b09eff5d7650759dec3dbb7c7c436edc9,F,tw,TWD,O,T,F,F,F,T,F,200,700,25.06,121.66,2014,3
bf39a6b0c690817f243f755c599cc46ce51a3d87,T,tw,TWD,E,T,T,T,F,T,T,600,2000,24.81,120.98,2014,3
cf052055c85cc8f5f21b8f35213369ccd3eac1f1,F,tw,TWD,F,T,T,T,F,F,F,500,600,24.83,121.01,2014,5
fc4e7e99ed8cba64bb91b712ff53ba45f112e72a,F,tw,TWD,G,T,T,T,F,F,T,290,420,24.96,121.26,2011,5
cdf2032e5491839908840ecefe7d16f3daf3c154,F,tw,TWD,G,T,T,F,F,F,F,505,604,25.05,121.29,2014,3
1f8e7d8bf6353e58eb270e4bcf45b039574dd2b7,F,tw,TWD,G,T,T,T,F,F,F,500,600,25.01,121.3,2014,5
ae416a172b963ed19b5d66e63ac7f2fa3e8405bd,F,tw,TWD,G,T,T,F,F,F,F,500,600,25.02,121.3,2014,5
977c4c2775a39b73c5fe022204088b289c7a1cba,F,tw,TWD,G,T,T,F,F,F,F,500,600,24.96,121.22,2014,6
a4fd797fbb6edc57e212e3e4a8264571d6719429,F,tw,TWD,H,T,T,T,F,T,T,321,450,22.61,120.31,2011,12
0f086f61eae31f4472dddb971459902417d97f47,F,tw,TWD,H,T,T,F,F,T,F,500,700,22.67,120.31,2013,10
bb36f6267519bc1c8e1a3f143bf3823a54ca089a,F,tw,TWD,H,T,T,T,F,F,F,500,600,22.61,120.31,2014,5
6f2b81b9689f0fc3f08b20a7d9a3eefc480d3fc1,F,tw,TWD,H,T,T,T,F,F,F,500,600,22.66,120.31,2014,5
5d0029feb3ca651a0fc2773f15ad5b8b34949309,F,tw,TWD,H,T,T,T,F,F,F,500,600,22.63,120.3,2014,5
1cc9f70482af9882c9bd127a7448871675a05f13,F,tw,TWD,B,F,T,T,F,F,F,264,373,24.24,120.57,2011,4
aa3de75a018e0cf1e0db96f08a8da2a20dd7688d,F,tw,TWD,B,T,T,T,F,F,F,362,395,24.04,120.72,2012,11
8baa7785f56964a7391ea0f48d5e17564cf1ff10,F,tw,TWD,B,T,T,F,F,F,F,510,610,24.17,120.68,2013,9
46f609d2c7b02cb2d7f6df14637a042bf8898eed,F,tw,TWD,B,T,T,F,F,F,F,505,604,24.15,120.67,2014,3
dbdcb9a926b64162739eb73380483bfd61982e7d,F,tw,TWD,B,T,T,F,F,F,F,510,610,24.15,120.65,2014,5
4381177a32b17a7f4e9161534db2a88611d4e693,F,tw,TWD,C,T,T,F,F,F,T,351,467,25.05,121.51,2012,8
3b619d24f24d454c3a77ca82301e28bc9fb24ce5,F,tw,TWD,C,T,T,F,F,T,F,515,638,25.04,121.54,2012,10
cadea04a20938e1b80266a5d2b36d50ea477e8ce,F,tw,TWD,C,T,T,T,F,F,T,395,439,25.05,121.55,2012,11
c9799735b7e87386b9e90a808466ccc451ffe36e,F,tw,TWD,C,T,T,T,F,F,T,395,439,25.05,121.51,2012,11
3f7800f7e89a381447db580ff9f785ed9be4671a,F,tw,TWD,C,T,T,F,F,F,F,510,610,25.05,121.51,2013,9
0abba465ffefb1544d9329c3cb73fff146540977,F,tw,TWD,C,T,T,F,F,F,F,510,610,25.02,121.53,2013,9
11db5167fcd0bee1f4c80b735a5790bde9bab739,F,tw,TWD,C,T,T,F,F,F,F,510,610,25.08,121.57,2013,9
5b4c9e48bdea3b58101f94a9d83410fc2737158e,F,tw,TWD,C,T,T,F,F,F,F,510,610,25.12,121.52,2013,9
7e5c981a3ced417ef8c69904c9ae73dea8e19dbd,F,tw,TWD,C,T,T,F,F,F,F,505,604,25.05,121.52,2014,3
6dd371036ef83bac827f09f1b484f356cd37adaa,F,tw,TWD,D,T,F,F,F,F,T,243,351,22.96,120.26,2011,9
1b95a47778f4856fc00c1ad2d05c1945e9c5aede,F,tw,TWD,D,T,T,T,F,F,T,362,395,22.97,120.22,2012,11
12902393f6d31f608fdeac12c9716441808314e1,F,tw,TWD,D,T,T,T,F,F,T,283,383,22.98,120.19,2013,6
afd48d6bf18021115af18ce1f916167dee317d51,F,tw,TWD,D,T,T,T,F,F,F,330,380,23,120.23,2013,8
1615e984829a54deb3a2ff92877de83721e22edd,F,tw,TWD,D,T,T,F,F,F,F,510,610,22.99,120.19,2013,9
32e2af8b420f61699ba07a96a7ccc5f7afca9814,F,tw,TWD,D,T,T,F,F,F,F,510,610,22.97,120.25,2014,5
4d726c5c8d9f8d4bc4c7055abfc2ceb14c06ef77,F,tw,TWD,Q,T,T,T,F,F,T,258,369,23.47,120.44,2011,1
ef395555261082043d8463685101de0942cfe2e8,F,tw,TWD,Q,T,T,F,F,F,F,510,610,23.47,120.43,2014,5
87f952112d1ca8370b36221988e8b654027a6177,F,tw,TWD,Q,T,T,F,F,F,F,505,604,23.47,120.43,2014,5
a2201cc233422e1661532619f749d77dd231feec,F,tw,TWD,O,T,T,F,F,F,F,510,610,25.11,121.71,2013,9
97397af91156939916d658ed08021d7abc952599,F,tw,TWD,R,T,T,F,F,F,F,510,610,22.67,120.49,2013,12
51577510be8e4b3c46a7050f3ae21e6ba44eb2a0,F,tw,TWD,R,T,T,F,F,F,F,505,604,22.67,120.49,2014,5
d3cead93c73e5ce650897279e7c853c293f62495,F,tw,TWD,A,T,T,T,F,T,T,299,425,25.05,121.46,2011,4
1620f76b91375dd279a87785ad7c5148384bef73,F,tw,TWD,A,T,T,F,F,F,F,359,399,25.02,121.42,2013,6
71686ffd88d4ea76194af8ff458f9b8edfeb2f47,F,tw,TWD,A,T,T,T,F,F,F,359,399,25.03,121.47,2013,6
cfe1cb9cbe2c5a7878805f4b462d3c43e50092a7,F,tw,TWD,A,T,T,F,F,F,F,510,610,25.02,121.46,2013,9
fa5040946dd3eaf7ab5180f7d8f73f9d9f5f3bcf,F,tw,TWD,A,T,T,F,F,F,F,510,610,24.98,121.54,2013,9
b465bd11480df99fa6553e84ec84d7fafe481c5e,F,tw,TWD,A,T,T,F,F,F,F,510,610,25,121.5,2013,9
df49661f469977b0994b19f0413b291790e7d5be,F,tw,TWD,A,T,T,F,F,F,F,510,610,25.03,121.44,2013,9
9158c13570bf12cdc18afb985e3c37cb22445c4d,F,tw,TWD,A,T,T,T,F,F,F,329,400,25.03,121.44,2013,10
8fb06e9c1b8cf17254ecb3b6d33967a134e4a447,F,tw,TWD,A,T,T,F,F,F,F,510,610,25.09,121.49,2014,5
3844e8f55c05a5c8fc21a4c234efe3448ceee209,F,tw,TWD,A,F,T,F,F,T,F,549,599,25.01,121.46,2014,8
29db61cb0e53ca51df95bc43d884d7d1d5ab695c,F,tw,TWD,A,T,T,F,F,F,F,0,0,25.01,121.46,2014,8
c43b4cc5ccff00cba2f2bfc8602f44bffc6e7ddd,F,tw,TWD,E,T,T,T,F,F,F,395,439,24.8,121.01,2012,11
215236194fcd9971a046dbfa716d73bb68be05ba,F,tw,TWD,E,T,T,F,F,F,F,510,610,24.8,120.99,2013,9
5cc38bfd1678f79da8f49158717e4e1ab4dcbcd8,F,tw,TWD,E,T,T,T,F,F,F,329,400,24.81,120.96,2013,10
0714562e9c0cc89b2d50133a80f5f294b36d7923,F,tw,TWD,F,T,T,F,F,F,F,359,399,24.83,121.02,2013,6
254baa1b49f59b93affddd46399d836da6cd9091,F,tw,TWD,G,T,T,F,F,F,F,359,399,24.96,121.25,2013,6
1ae45f0d9b5c0901d795a3693c1ff663ed20c2d5,F,tw,TWD,G,T,T,F,F,F,F,510,610,25.01,121.31,2013,9
b69571adc19cd2eeaeffd7ee3cb1568c5d6441be,F,tw,TWD,G,T,T,F,F,F,F,510,610,25.06,121.36,2013,9
5ba7543c68b918364305ed26e5b34c1413e190a5,F,tw,TWD,G,T,T,F,F,F,F,510,610,24.96,121.23,2013,9
21684df0806e4bce97ec2727bbce51d850d525dc,F,tw,TWD,G,T,T,T,F,F,F,329,400,25.01,121.3,2013,10
04ea0470ed59b38415c589cd9344be7aa1038c5f,F,tw,TWD,G,T,T,T,F,F,F,329,400,24.94,121.22,2013,10
03798944daccade199542a2ddc85a4852510a2d5,F,tw,TWD,G,T,T,F,F,F,F,505,604,24.96,121.22,2014,5
b332c806eb274553491918682f9234eaf34584f7,F,tw,TWD,L,T,T,F,F,F,F,510,610,24.57,120.82,2014,7
4ae7cf9a71425c1ff4d09d6647ad2960d13db0b8,F,tw,TWD,S,T,T,T,F,T,F,274,385,23.7,120.54,2012,4
51fec7cda5e9079c27c5e0eb0151b0218a561432,F,tw,TWD,H,T,T,T,F,F,T,284,409,22.65,120.33,2011,1
4a1a05533d78f7b629233cc335dd5d407bd3e6bb,F,tw,TWD,H,T,T,T,F,F,T,362,395,22.63,120.32,2012,11
cffe05c8e8e0b72cfeca942daa05f08156e5c7ee,F,tw,TWD,H,T,T,F,F,F,F,510,610,22.62,120.3,2013,9
04831f0020db369c5a6c7ce621dcbc97d5ab8e11,F,tw,TWD,H,T,T,F,F,F,F,510,610,22.63,120.35,2013,9
deec7c07bf41f6a3148a7b289e4248babddccf16,F,tw,TWD,H,T,T,F,F,F,F,505,604,22.61,120.31,2014,1
bed489bf743537129bcbc4e283fac46a00d31b0a,T,hk,HKD,I,F,F,F,F,F,F,150,300,22.32,114.17,2014,4
e3d1ff4941f69da6c07d79f4c36112d942cac57b,T,tw,TWD,D,T,T,T,T,T,T,380,480,23,120.21,2012,11
910ee5bd1008b589f27be26af7ebe2da46c8600e,F,tw,TWD,B,T,T,T,F,T,T,371,518,24.09,120.74,2011,8
c5e3325051eab0d50ad2544e617d9a74ce433b2c,F,tw,TWD,D,T,T,T,F,F,T,350,478,23,120.24,2010,12
269da060b1605a1a77e6bcf468c31842de061c58,F,tw,TWD,E,T,T,T,F,F,T,420,553,24.8,120.99,2011,7
f88c23080c1959dd17d488ca75af168e10d0b31b,F,tw,TWD,F,T,T,F,F,F,T,431,580,24.83,121.01,2011,7
de9a1f61ad09421d1271bc355be4cda1db6a5a83,F,tw,TWD,H,T,T,T,F,T,T,370,505,22.6,120.34,2010,10
fab2d8bc998f09d5da120e96141fe59b3301f077,F,tw,TWD,N,F,F,F,F,F,F,1500,3000,30.6,114.62,2012,5
cc63f96720a8b05c1023d49663e772fb6d7a87c6,F,tw,TWD,C,T,T,T,F,F,T,427,685,25.09,121.56,2009,12
cefd4f165bb1beb7adeab41e2e32e6eccaa3b9a3,F,tw,TWD,C,T,T,T,F,T,F,412,676,25.06,121.53,2009,12
846c81feef83f680e06eb0039b81931f9d81b720,T,tw,TWD,H,T,T,T,F,T,F,824,1960,22.63,120.29,2009,12
7529dc47392c9770a732e1f46f86e6a2adea87f7,F,tw,TWD,C,T,F,T,F,T,T,427,647,25.04,121.5,2011,10
fdf4911e325c2733aa5cb89523aaeea7382562c6,F,tw,TWD,D,T,T,T,F,T,F,340,475,23.32,120.31,2009,12
875a98fc5e742bc0316c21ef3a2fee8cf29328a3,F,tw,TWD,G,T,T,T,F,T,T,445,631,25.01,121.3,2012,5
aec440ffed1bd870d4cf09bd8e74f596cae00567,F,tw,TWD,H,T,T,T,F,T,T,400,800,22.62,120.3,2013,11
a729696fd3eb94889fa7d921e42625d1240beee9,F,tw,TWD,C,T,T,T,F,T,F,600,800,25.02,121.55,2014,7
d9df2b5a08dc6b6f4a02428f836fc6165d3dc927,F,tw,TWD,D,T,T,T,F,F,F,400,600,22.99,120.19,2010,10
5551addcc15888030e20818618f73f0c93385499,F,tw,TWD,B,T,T,T,F,F,F,388,788,24.14,120.69,2014,5
1826621a15db29009eb8ab48da17a6f32b23c8b6,F,tw,TWD,B,T,T,T,F,T,T,529,720,24.15,120.65,2014,9
3c6f653b009af59dfac9ce6ffa7c775c15428be7,F,tw,TWD,C,T,T,T,F,T,T,1168,2175,25.04,121.57,2012,8
c6c65819b098694014e9f388c9743e9362a802c1,F,tw,TWD,C,T,T,F,F,T,F,600,800,25.04,121.57,2013,8
f25fc7b1ecf924d5731ad9f2c9ff84060bb71e0f,F,tw,TWD,C,T,T,F,F,T,F,1000,1700,25.03,121.55,2014,4
5cdcd11f227633c600ca6babfc21c20694fc5fee,F,tw,TWD,C,T,T,F,F,T,F,800,3000,25.07,121.59,2014,6
489a6e15d7cb405a86cee85bbe6ec746bb44927a,F,tw,TWD,C,T,T,F,F,F,T,3000,7000,25.03,121.55,2014,6
6cad316cf0f69279e401ae1e8d5e951da1b7e68f,F,tw,TWD,B,T,T,T,F,F,F,271,401,24.17,120.66,2011,4
bdac238633cbf8aa28519334198d8c2da2a95607,F,tw,TWD,B,T,T,T,F,F,F,265,381,24.23,120.64,2011,4
42a1a8461e8d7e122212d16aaa8fc3e451be17d3,F,tw,TWD,H,T,T,T,F,T,T,469,582,22.65,120.33,2012,12
0abd5db9e0195fd168018352ec6766131d8861b8,F,tw,TWD,D,T,T,F,F,F,F,341,450,23,120.21,2009,10
6d6ecb46e7bccd14d60bf0d8337e83b67ed2bb68,F,tw,TWD,B,T,T,T,F,F,F,383,520,24.17,120.66,2010,6
b914e9fadcbc4258be6151edf133b826e9d0b1a1,F,tw,TWD,D,T,T,T,F,T,F,370,501,22.99,120.19,2010,8
3b0a120f44fd67966c324c2994f5e00007f87737,F,tw,TWD,A,T,T,T,F,F,T,420,549,24.97,121.44,2011,4
42531ceda419a5e61038b99316666c8367a47bee,F,tw,TWD,G,T,T,T,F,T,F,420,597,25.01,121.3,2011,4
04acd01edee62df179878804225867165486f715,F,tw,TWD,G,T,T,T,F,T,T,427,559,24.96,121.22,2011,4
4c2482db52d0b9aad0f0c734772e54fd2e30118b,F,tw,TWD,G,T,T,T,F,F,F,457,596,24.95,121.3,2011,8
dc05e6a28be9b60f1444eb1966b0c1c1dd17c728,F,tw,TWD,H,T,T,T,F,T,T,380,523,22.64,120.35,2010,6
dc1c909c061eeab3a7aa1a132077847e24238323,F,tw,TWD,H,T,T,T,F,T,T,379,531,22.67,120.31,2010,6
b47c020aae85cef3c4afb31def69bcd2ddd94277,F,tw,TWD,H,T,T,T,F,T,T,375,504,22.73,120.31,2010,8
d220bb5573ce1e919f42b5974933052a06caece4,F,tw,TWD,H,T,T,T,F,T,F,300,500,22.66,120.29,2014,5
eea3db8f22f94ddaeeffd80034600e0756a1c58c,F,tw,TWD,D,T,T,F,F,T,T,440,620,22.99,120.17,2009,12
0440fa58189659753549994d29071183b6be0a96,T,tw,TWD,B,T,T,T,F,T,T,500,800,24.16,120.66,2014,6
76e22d1c7e23c442c3632b15bbe642c95207781d,F,tw,TWD,B,T,T,T,F,F,T,340,482,24.04,120.72,2011,5
da006f94fbe0362f07f5c0f2068505a9ea860425,F,tw,TWD,E,T,T,T,F,F,T,366,494,24.81,120.98,2012,4
7ff292acab039a80acdf847a9d2a91a3432a2deb,F,tw,TWD,H,T,T,T,F,T,F,322,501,22.62,120.3,2010,6
606676cfa47322b1f68e6ca0eae2e18aee2c2eff,F,tw,TWD,N,F,F,F,F,F,F,1000,1500,31.23,121.46,2012,5
0fba71895320612b8a4ddfd819892ee18d4622bb,F,tw,TWD,N,F,F,F,F,F,F,1000,1500,31.23,121.46,2012,5
eb2e50a3be95030573162a816703a937210141fd,F,tw,TWD,C,T,T,T,F,T,T,457,699,25.05,121.52,2010,3
ab6d56930512d29762bb3f4ee8831286355f7a76,F,tw,TWD,C,T,T,T,F,T,T,476,759,25.04,121.54,2010,3
9d594f6791c56b6da7068042fcb885b324ff3338,F,tw,TWD,C,T,T,T,F,T,T,443,644,25.11,121.53,2010,3
4bdd8dc5fede596dc67f680bb4e78a9cb1748c78,F,tw,TWD,C,T,T,F,F,T,F,318,500,25.06,121.56,2011,9
7c99eece8c54b7909605fcae851e980a14a0cf1c,F,tw,TWD,C,T,F,T,F,F,F,440,515,25.03,121.56,2012,1
bbc8540125592bc0ee33cd4cd80462a282009313,F,tw,TWD,C,T,T,T,F,F,F,370,484,25.04,121.56,2012,9
16562f65572d31b6e4d442ad9b4f2d8848301a9f,F,tw,TWD,C,T,T,T,F,T,T,500,1000,25.04,121.56,2013,11
45dfab05a3e3acd3386712aaa603c04771ff1c58,F,tw,TWD,C,T,T,F,F,T,T,300,600,25.04,121.55,2014,1
041990783f6d1782305fb43716e8b28e6ecb97ec,F,tw,TWD,C,T,F,F,F,T,F,400,700,25.04,121.55,2014,4
a0903a342b0ec0631ff1da60e31b08f75661ffdb,F,tw,TWD,D,T,T,F,F,T,T,376,569,23,120.18,2012,9
7f9b983b32ff4c5843921be90d0fd9dfd68d535f,F,tw,TWD,D,T,F,T,F,T,F,450,500,22.99,120.2,2013,12
75fcc114f296201956bc7c52262278106db52f6e,F,tw,TWD,A,T,T,F,F,F,T,280,432,25,121.52,2009,12
bb20bf43dc7707c57984b47f73c53676b30b0a41,F,tw,TWD,G,T,T,T,F,T,T,427,592,24.96,121.22,2009,12
9eaee75c67f25c77aa574ab185e434e0ebbcacdd,F,tw,TWD,G,T,T,T,F,T,F,450,500,24.96,121.23,2013,12
c4966f8faa7eb5ce9f76c440b375203ce999acdd,F,tw,TWD,H,T,T,T,F,F,F,324,476,22.66,120.32,2010,9
24d21c0810f2cd6dc5f6b563ba67b9ccae4635eb,F,tw,TWD,H,T,T,T,F,T,T,468,735,23.01,120.67,2010,10
b3d888c852aa168219054a90999d07f4f227759d,T,tw,TWD,H,F,T,T,F,F,T,365,493,22.66,120.32,2013,6
95e6878c4f89e23c9975e8519a15c4d477385d18,F,tw,TWD,C,T,T,F,F,T,F,500,900,25.03,121.53,2013,1
a04ef92b761ad40347527fb03e565021ec64cab7,T,tw,TWD,C,T,T,T,F,T,T,808,1336,25.05,121.52,2009,12
a9cc59b340713f9e00ded58db90284ae9afc7fdb,F,tw,TWD,H,T,T,T,T,T,T,300,600,22.59,120.31,2013,5
5e2a6c08e0994abe3324768b916d1bae560a8705,F,tw,TWD,N,F,F,F,F,F,F,400,525,31.23,121.45,2012,5
78dde98fc654a68819a48adf6d1bf7f6814a1a83,F,tw,TWD,N,F,F,F,F,F,F,200,340,31.21,121.44,2012,5
a9e73d22d06e4a22c80d5e81f791dea41cef3c25,F,tw,TWD,N,F,F,F,F,F,F,200,300,31.21,121.47,2012,5
7e779ce42802d2f392369e54a2c4095d76e8023c,F,tw,TWD,N,F,F,F,F,F,F,200,300,31.23,121.56,2012,5
6df61c857f0ca8724dca9b5a86ed83b377068ae4,F,tw,TWD,C,T,T,T,F,F,F,500,1000,25.04,121.57,2014,1
